year,driverId,surname,forename,luck_total
1950,427,Trintignant,Maurice,0
1950,501,Schell,Harry,0
1950,509,Rathmann,Jim,0
1950,518,Carter,Duane,0
1950,520,Hartley,Gene,0
1950,526,Ruttman,Troy,0
1950,529,Bettenhausen,Tony,0
1950,537,Rathmann,Dick,0
1950,555,Russo,Paul,0
1950,559,Flaherty,Pat,0
1950,593,Parsons,Johnnie,0
1950,615,Agabashian,Fred,0
1950,619,Gerard,Bob,0
1950,630,Dinsmore,Duke,0
1950,642,Farina,Nino,0
1950,653,Davies,Jimmy,0
1950,654,Faulkner,Walt,0
1950,658,McGrath,Jack,0
1950,659,Hoyt,Jerry,0
1950,677,Webb,Travis,0
1950,701,Holland,Bill,0
1950,704,Cabantous,Yves,0
1950,726,Connor,George,0
1950,731,Banks,Henry,0
1950,732,McDowell,Johnny,0
1950,740,Comotti,Franco,0
1950,764,Mairesse,Guy,0
1950,766,Wallard,Lee,0
1950,768,Rose,Mauri,0
1950,770,Green,Cecil,0
1950,771,Brown,Walt,0
1950,772,Hellings,Mack,0
1950,774,Chaboud,Eugène,0
1950,776,Kelly,Joe,0
1950,778,Shawe Taylor,Brian,0
1950,780,Branca,Toni,0
1950,786,Fagioli,Luigi,0
1950,787,Harrison,Cuth,0
1950,788,Fry,Joe,0
1950,790,Johnson,Leslie,0
1950,792,Pián,Alfredo,0
1950,794,Chitwood,Joie,0
1950,795,Fohr,Myron,0
1950,796,Ader,Walt,0
1950,797,Holmes,Jackie,0
1950,799,Jackson,Jimmy,0
1950,800,Pagani,Nello,0
1950,801,Pozzi,Charles,0
1950,802,Serafini,Dorino,0
1950,498,González,José Froilán,-1
1950,611,Hanks,Sam,-1
1950,626,Manzon,Robert,-1
1950,627,Rosier,Louis,-1
1950,633,Villoresi,Luigi,-1
1950,640,de Graffenried,Toulo,-1
1950,641,Taruffi,Piero,-1
1950,647,Ascari,Alberto,-1
1950,661,Walker,Peter,-1
1950,666,Rolt,Tony,-1
1950,669,Bira,Prince,-1
1950,686,Parnell,Reg,-1
1950,687,Whitehead,Peter,-1
1950,697,Bonetto,Felice,-1
1950,729,Schindler,Bill,-1
1950,756,Pietsch,Paul,-1
1950,762,Rol,Franco,-1
1950,763,Sanesi,Consalvo,-1
1950,765,Louveau,Henri,-1
1950,784,Hampshire,David,-1
1950,785,Crossley,Geoff,-1
1950,789,Martin,Eugène,-1
1950,791,Biondetti,Clemente,-1
1950,798,Levrett,Bayliss,-1
1950,803,Cantrell,Bill,-1
1950,660,Claes,Johnny,-2
1950,741,Étancelin,Philippe,-2
1950,747,Murray,David,-2
1950,773,Levegh,Pierre,-2
1950,579,Fangio,Juan,-3
1950,589,Chiron,Louis,-3
1950,793,Sommer,Raymond,-4
1951,429,Pilette,André,0
1951,449,Ward,Rodger,0
1951,475,Moss,Stirling,0
1951,498,González,José Froilán,0
1951,518,Carter,Duane,0
1951,521,Stevenson,Chuck,0
1951,529,Bettenhausen,Tony,0
1951,580,Godia,Paco,0
1951,593,Parsons,Johnnie,0
1951,612,Linden,Andy,0
1951,619,Gerard,Bob,0
1951,629,Griffith,Cliff,0
1951,633,Villoresi,Luigi,0
1951,653,Davies,Jimmy,0
1951,657,Vukovich,Bill,0
1951,658,McGrath,Jack,0
1951,660,Claes,Johnny,0
1951,661,Walker,Peter,0
1951,673,Nazaruk,Mike,0
1951,675,Ayulo,Manny,0
1951,686,Parnell,Reg,0
1951,697,Bonetto,Felice,0
1951,699,Nalon,Duke,0
1951,700,Scarborough,Carl,0
1951,704,Cabantous,Yves,0
1951,721,Hirt,Peter,0
1951,723,Fischer,Rudi,0
1951,725,Abecassis,George,0
1951,731,Banks,Henry,0
1951,732,McDowell,Johnny,0
1951,733,Miller,Chet,0
1951,734,Ball,Bobby,0
1951,756,Pietsch,Paul,0
1951,762,Rol,Franco,0
1951,763,Sanesi,Consalvo,0
1951,764,Mairesse,Guy,0
1951,765,Louveau,Henri,0
1951,766,Wallard,Lee,0
1951,767,Forberg,Carl,0
1951,768,Rose,Mauri,0
1951,771,Brown,Walt,0
1951,774,Chaboud,Eugène,0
1951,776,Kelly,Joe,0
1951,777,Fotheringham-Parker,Philip,0
1951,778,Shawe Taylor,Brian,0
1951,779,James,John,0
1951,781,Richardson,Ken,0
1951,786,Fagioli,Luigi,0
1951,501,Schell,Harry,-1
1951,526,Ruttman,Troy,-1
1951,534,Force,Gene,-1
1951,579,Fangio,Juan,-1
1951,611,Hanks,Sam,-1
1951,615,Agabashian,Fred,-1
1951,622,Landi,Chico,-1
1951,627,Rosier,Louis,-1
1951,630,Dinsmore,Duke,-1
1951,641,Taruffi,Piero,-1
1951,654,Faulkner,Walt,-1
1951,669,Bira,Prince,-1
1951,670,Marimón,Onofre,-1
1951,680,Swaters,Jacques,-1
1951,687,Whitehead,Peter,-1
1951,708,Hamilton,Duncan,-1
1951,726,Connor,George,-1
1951,728,James,Joe,-1
1951,729,Schindler,Bill,-1
1951,747,Murray,David,-1
1951,769,Mackey,Bill,-1
1951,770,Green,Cecil,-1
1951,772,Hellings,Mack,-1
1951,773,Levegh,Pierre,-1
1951,775,Gordini,Aldo,-1
1951,780,Branca,Toni,-1
1951,782,Jover,Juan,-1
1951,783,Grignard,Georges,-1
1951,589,Chiron,Louis,-2
1951,626,Manzon,Robert,-2
1951,640,de Graffenried,Toulo,-2
1951,647,Ascari,Alberto,-2
1951,609,Simon,André,-3
1951,642,Farina,Nino,-3
1951,741,Étancelin,Philippe,-3
1951,427,Trintignant,Maurice,-4
1952,456,Salvadori,Roy,0
1952,498,González,José Froilán,0
1952,509,Rathmann,Jim,0
1952,513,Johnson,Eddie,0
1952,518,Carter,Duane,0
1952,520,Hartley,Gene,0
1952,521,Stevenson,Chuck,0
1952,525,Bryan,Jimmy,0
1952,526,Ruttman,Troy,0
1952,578,Hawthorn,Mike,0
1952,581,Collins,Peter,0
1952,592,Reece,Jimmy,0
1952,593,Parsons,Johnnie,0
1952,609,Simon,André,0
1952,611,Hanks,Sam,0
1952,612,Linden,Andy,0
1952,615,Agabashian,Fred,0
1952,622,Landi,Chico,0
1952,628,Sweikert,Bob,0
1952,629,Griffith,Cliff,0
1952,633,Villoresi,Luigi,0
1952,641,Taruffi,Piero,0
1952,642,Farina,Nino,0
1952,647,Ascari,Alberto,0
1952,651,Macklin,Lance,0
1952,656,Cross,Art,0
1952,657,Vukovich,Bill,0
1952,658,McGrath,Jack,0
1952,663,Wharton,Ken,0
1952,675,Ayulo,Manny,0
1952,677,Webb,Travis,0
1952,686,Parnell,Reg,0
1952,688,Brandon,Eric,0
1952,689,Brown,Alan,0
1952,692,Helfrich,Theo,0
1952,697,Bonetto,Felice,0
1952,699,Nalon,Duke,0
1952,703,Legat,Arthur,0
1952,704,Cabantous,Yves,0
1952,705,Crook,Tony,0
1952,709,Klodwig,Ernst,0
1952,710,Krause,Rudolf,0
1952,712,Heeks,Willi,0
1952,715,Bechem,Günther,0
1952,720,de Terra,Max,0
1952,724,Ulmen,Toni,0
1952,725,Abecassis,George,0
1952,726,Connor,George,0
1952,727,Rigsby,Jim,0
1952,728,James,Joe,0
1952,729,Schindler,Bill,0
1952,730,Fonder,George,0
1952,731,Banks,Henry,0
1952,732,McDowell,Johnny,0
1952,733,Miller,Chet,0
1952,736,Laurent,Roger,0
1952,737,O'Brien,Robert,0
1952,740,Comotti,Franco,0
1952,741,Étancelin,Philippe,0
1952,742,Poore,Dennis,0
1952,743,Thompson,Eric,0
1952,745,Whitehead,Graham,0
1952,751,Riess,Fritz,0
1952,752,Niedermayr,Helmut,0
1952,753,Klenk,Hans,0
1952,754,Balsa,Marcel,0
1952,757,Peters,Josef,0
1952,758,van der Lof,Dries,0
1952,759,Flinterman,Jan,0
1952,760,Dusio,Piero,0
1952,761,Crespo,Alberto,0
1952,449,Ward,Rodger,-1
1952,529,Bettenhausen,Tony,-1
1952,625,Bayol,Élie,-1
1952,626,Manzon,Robert,-1
1952,640,de Graffenried,Toulo,-1
1952,660,Claes,Johnny,-1
1952,664,McAlpine,Kenneth,-1
1952,669,Bira,Prince,-1
1952,687,Whitehead,Peter,-1
1952,702,Scott,Bob,-1
1952,708,Hamilton,Duncan,-1
1952,717,von Stuck,Hans,-1
1952,721,Hirt,Peter,-1
1952,723,Fischer,Rudi,-1
1952,734,Ball,Bobby,-1
1952,735,de Tornaco,Charles,-1
1952,739,Montgomerie-Charrington,Robin,-1
1952,744,Downing,Ken,-1
1952,746,Bianco,Gino,-1
1952,747,Murray,David,-1
1952,748,Cantoni,Eitel,-1
1952,749,Aston,Bill,-1
1952,750,Brudes,Adolf,-1
1952,755,Schoeller,Rudolf,-1
1952,756,Pietsch,Paul,-1
1952,762,Rol,Franco,-1
1952,427,Trintignant,Maurice,-2
1952,554,Behra,Jean,-2
1952,627,Rosier,Louis,-2
1952,632,Frère,Paul,-2
1952,722,Carini,Piero,-2
1952,738,Gaze,Tony,-2
1952,501,Schell,Harry,-3
1952,475,Moss,Stirling,-4
1953,429,Pilette,André,0
1953,431,Barth,Edgar,0
1953,449,Ward,Rodger,0
1953,455,Seidel,Wolfgang,0
1953,478,Herrmann,Hans,0
1953,498,González,José Froilán,0
1953,509,Rathmann,Jim,0
1953,512,Thomson,Johnny,0
1953,513,Johnson,Eddie,0
1953,518,Carter,Duane,0
1953,520,Hartley,Gene,0
1953,525,Bryan,Jimmy,0
1953,528,Freeland,Don,0
1953,529,Bettenhausen,Tony,0
1953,555,Russo,Paul,0
1953,556,Daywalt,Jimmy,0
1953,559,Flaherty,Pat,0
1953,577,Musso,Luigi,0
1953,578,Hawthorn,Mike,0
1953,589,Chiron,Louis,0
1953,611,Hanks,Sam,0
1953,613,Teague,Marshall,0
1953,615,Agabashian,Fred,0
1953,619,Gerard,Bob,0
1953,620,Maglioli,Umberto,0
1953,626,Manzon,Robert,0
1953,627,Rosier,Louis,0
1953,630,Dinsmore,Duke,0
1953,644,Mantovani,Sergio,0
1953,649,Birger,Pablo,0
1953,653,Davies,Jimmy,0
1953,654,Faulkner,Walt,0
1953,655,Niday,Cal,0
1953,656,Cross,Art,0
1953,657,Vukovich,Bill,0
1953,658,McGrath,Jack,0
1953,660,Claes,Johnny,0
1953,663,Wharton,Ken,0
1953,666,Rolt,Tony,0
1953,677,Webb,Travis,0
1953,679,McCoy,Ernie,0
1953,680,Swaters,Jacques,0
1953,687,Whitehead,Peter,0
1953,690,Nuckey,Rodney,0
1953,691,Lang,Hermann,0
1953,692,Helfrich,Theo,0
1953,693,Wacker,Fred,0
1953,695,Gálvez,Oscar,0
1953,696,Barber,John,0
1953,698,Cruz,Adolfo,0
1953,699,Nalon,Duke,0
1953,700,Scarborough,Carl,0
1953,701,Holland,Bill,0
1953,702,Scott,Bob,0
1953,704,Cabantous,Yves,0
1953,705,Crook,Tony,0
1953,706,Stewart,Jimmy,0
1953,707,Stewart,Ian,0
1953,709,Klodwig,Ernst,0
1953,710,Krause,Rudolf,0
1953,711,Karch,Oswald,0
1953,712,Heeks,Willi,0
1953,713,Fitzau,Theo,0
1953,714,Adolff,Kurt,0
1953,715,Bechem,Günther,0
1953,716,Bauer,Erwin,0
1953,717,von Stuck,Hans,0
1953,718,Loof,Ernst,0
1953,719,Scherrer,Albert,0
1953,720,de Terra,Max,0
1953,797,Holmes,Jackie,0
1953,804,Mantz,Johnny,0
1953,427,Trintignant,Maurice,-1
1953,475,Moss,Stirling,-1
1953,486,Fairman,Jack,-1
1953,496,Menditeguy,Carlos,-1
1953,521,Stevenson,Chuck,-1
1953,581,Collins,Peter,-1
1953,593,Parsons,Johnnie,-1
1953,612,Linden,Andy,-1
1953,628,Sweikert,Bob,-1
1953,632,Frère,Paul,-1
1953,633,Villoresi,Luigi,-1
1953,642,Farina,Nino,-1
1953,643,Mieres,Roberto,-1
1953,647,Ascari,Alberto,-1
1953,659,Hoyt,Jerry,-1
1953,664,McAlpine,Kenneth,-1
1953,667,Fitch,John,-1
1953,669,Bira,Prince,-1
1953,673,Nazaruk,Mike,-1
1953,675,Ayulo,Manny,-1
1953,681,Berger,Georges,-1
1953,703,Legat,Arthur,-1
1953,708,Hamilton,Duncan,-1
1953,721,Hirt,Peter,-1
1953,722,Carini,Piero,-1
1953,456,Salvadori,Roy,-2
1953,622,Landi,Chico,-2
1953,625,Bayol,Élie,-2
1953,689,Brown,Alan,-2
1953,554,Behra,Jean,-3
1953,579,Fangio,Juan,-3
1953,640,de Graffenried,Toulo,-3
1953,670,Marimón,Onofre,-3
1953,697,Bonetto,Felice,-3
1953,501,Schell,Harry,-4
1953,651,Macklin,Lance,-5
1954,449,Ward,Rodger,0
1954,475,Moss,Stirling,0
1954,496,Menditeguy,Carlos,0
1954,509,Rathmann,Jim,0
1954,512,Thomson,Johnny,0
1954,513,Johnson,Eddie,0
1954,518,Carter,Duane,0
1954,519,Homeier,Bill,0
1954,521,Stevenson,Chuck,0
1954,525,Bryan,Jimmy,0
1954,526,Ruttman,Troy,0
1954,528,Freeland,Don,0
1954,529,Bettenhausen,Tony,0
1954,541,Flockhart,Ron,0
1954,547,Gould,Horace,0
1954,555,Russo,Paul,0
1954,556,Daywalt,Jimmy,0
1954,559,Flaherty,Pat,0
1954,579,Fangio,Juan,0
1954,580,Godia,Paco,0
1954,592,Reece,Jimmy,0
1954,596,Elisian,Ed,0
1954,597,O'Connor,Pat,0
1954,611,Hanks,Sam,0
1954,615,Agabashian,Fred,0
1954,619,Gerard,Bob,0
1954,620,Maglioli,Umberto,0
1954,625,Bayol,Élie,0
1954,628,Sweikert,Bob,0
1954,641,Taruffi,Piero,0
1954,642,Farina,Nino,0
1954,648,Kling,Karl,0
1954,653,Davies,Jimmy,0
1954,654,Faulkner,Walt,0
1954,655,Niday,Cal,0
1954,656,Cross,Art,0
1954,657,Vukovich,Bill,0
1954,658,McGrath,Jack,0
1954,665,Marr,Leslie,0
1954,669,Bira,Prince,0
1954,673,Nazaruk,Mike,0
1954,674,Crockett,Larry,0
1954,675,Ayulo,Manny,0
1954,676,Armi,Frank,0
1954,677,Webb,Travis,0
1954,679,McCoy,Ernie,0
1954,682,Beauman,Don,0
1954,683,Thorne,Leslie,0
1954,684,Whitehouse,Bill,0
1954,685,Riseley-Prichard,John,0
1954,687,Whitehead,Peter,0
1954,689,Brown,Alan,0
1954,690,Nuckey,Rodney,0
1954,691,Lang,Hermann,0
1954,694,de Riu,Giovanni,0
1954,799,Jackson,Jimmy,0
1954,805,Kladis,Danny,0
1954,429,Pilette,André,-1
1954,456,Salvadori,Roy,-1
1954,478,Herrmann,Hans,-1
1954,501,Schell,Harry,-1
1954,520,Hartley,Gene,-1
1954,577,Musso,Luigi,-1
1954,581,Collins,Peter,-1
1954,593,Parsons,Johnnie,-1
1954,612,Linden,Andy,-1
1954,613,Teague,Marshall,-1
1954,632,Frère,Paul,-1
1954,638,Volonterio,Ottorino,-1
1954,640,de Graffenried,Toulo,-1
1954,644,Mantovani,Sergio,-1
1954,645,Bucci,Clemar,-1
1954,651,Macklin,Lance,-1
1954,659,Hoyt,Jerry,-1
1954,663,Wharton,Ken,-1
1954,671,Loyer,Roger,-1
1954,672,Daponte,Jorge,-1
1954,678,Duncan,Len,-1
1954,681,Berger,Georges,-1
1954,686,Parnell,Reg,-1
1954,688,Brandon,Eric,-1
1954,692,Helfrich,Theo,-1
1954,693,Wacker,Fred,-1
1954,702,Scott,Bob,-1
1954,730,Fonder,George,-1
1954,578,Hawthorn,Mike,-2
1954,627,Rosier,Louis,-2
1954,643,Mieres,Roberto,-2
1954,650,Pollet,Jacques,-2
1954,680,Swaters,Jacques,-2
1954,427,Trintignant,Maurice,-3
1954,498,González,José Froilán,-3
1954,626,Manzon,Robert,-3
1954,633,Villoresi,Luigi,-3
1954,670,Marimón,Onofre,-3
1954,554,Behra,Jean,-5
1954,647,Ascari,Alberto,-5
1955,449,Ward,Rodger,0
1955,478,Herrmann,Hans,0
1955,498,González,José Froilán,0
1955,509,Rathmann,Jim,0
1955,512,Thomson,Johnny,0
1955,513,Johnson,Eddie,0
1955,518,Carter,Duane,0
1955,519,Homeier,Bill,0
1955,525,Bryan,Jimmy,0
1955,529,Bettenhausen,Tony,0
1955,532,Russo,Eddie,0
1955,533,Boyd,Johnny,0
1955,538,Herman,Al,0
1955,555,Russo,Paul,0
1955,556,Daywalt,Jimmy,0
1955,558,Keller,Al,0
1955,559,Flaherty,Pat,0
1955,563,Weyant,Chuck,0
1955,586,Piotti,Luigi,0
1955,589,Chiron,Louis,0
1955,593,Parsons,Johnnie,0
1955,596,Elisian,Ed,0
1955,597,O'Connor,Pat,0
1955,607,Perdisa,Cesare,0
1955,612,Linden,Andy,0
1955,615,Agabashian,Fred,0
1955,620,Maglioli,Umberto,0
1955,623,Uria,Alberto,0
1955,627,Rosier,Louis,0
1955,628,Sweikert,Bob,0
1955,631,Andrews,Keith,0
1955,632,Frère,Paul,0
1955,633,Villoresi,Luigi,0
1955,641,Taruffi,Piero,0
1955,642,Farina,Nino,0
1955,647,Ascari,Alberto,0
1955,649,Birger,Pablo,0
1955,651,Macklin,Lance,0
1955,652,Whiteaway,Ted,0
1955,653,Davies,Jimmy,0
1955,654,Faulkner,Walt,0
1955,655,Niday,Cal,0
1955,657,Vukovich,Bill,0
1955,658,McGrath,Jack,0
1955,659,Hoyt,Jerry,0
1955,660,Claes,Johnny,0
1955,662,Sparken,Mike,0
1955,663,Wharton,Ken,0
1955,667,Fitch,John,0
1955,356,Brabham,Jack,-1
1955,456,Salvadori,Roy,-1
1955,475,Moss,Stirling,-1
1955,486,Fairman,Jack,-1
1955,496,Menditeguy,Carlos,-1
1955,523,Templeman,Shorty,-1
1955,528,Freeland,Don,-1
1955,554,Behra,Jean,-1
1955,561,Crawford,Ray,-1
1955,579,Fangio,Juan,-1
1955,592,Reece,Jimmy,-1
1955,611,Hanks,Sam,-1
1955,624,da Silva Ramos,Hernando,-1
1955,644,Mantovani,Sergio,-1
1955,645,Bucci,Clemar,-1
1955,646,Iglesias,Jesús,-1
1955,648,Kling,Karl,-1
1955,650,Pollet,Jacques,-1
1955,656,Cross,Art,-1
1955,661,Walker,Peter,-1
1955,664,McAlpine,Kenneth,-1
1955,665,Marr,Leslie,-1
1955,666,Rolt,Tony,-1
1955,668,Lucas,Jean,-1
1955,547,Gould,Horace,-2
1955,578,Hawthorn,Mike,-2
1955,581,Collins,Peter,-2
1955,608,Castellotti,Eugenio,-2
1955,609,Simon,André,-2
1955,625,Bayol,Élie,-2
1955,643,Mieres,Roberto,-2
1955,427,Trintignant,Maurice,-3
1955,501,Schell,Harry,-3
1955,577,Musso,Luigi,-3
1955,626,Manzon,Robert,-3
1956,429,Pilette,André,0
1956,449,Ward,Rodger,0
1956,476,von Trips,Wolfgang,0
1956,486,Fairman,Jack,0
1956,496,Menditeguy,Carlos,0
1956,512,Thomson,Johnny,0
1956,513,Johnson,Eddie,0
1956,514,Veith,Bob,0
1956,516,Christie,Bob,0
1956,520,Hartley,Gene,0
1956,525,Bryan,Jimmy,0
1956,526,Ruttman,Troy,0
1956,528,Freeland,Don,0
1956,529,Bettenhausen,Tony,0
1956,533,Boyd,Johnny,0
1956,537,Rathmann,Dick,0
1956,538,Herman,Al,0
1956,554,Behra,Jean,0
1956,555,Russo,Paul,0
1956,556,Daywalt,Jimmy,0
1956,558,Keller,Al,0
1956,559,Flaherty,Pat,0
1956,561,Crawford,Ray,0
1956,577,Musso,Luigi,0
1956,580,Godia,Paco,0
1956,583,Gerini,Gerino,0
1956,585,Emery,Paul,0
1956,586,Piotti,Luigi,0
1956,592,Reece,Jimmy,0
1956,593,Parsons,Johnnie,0
1956,595,Garrett,Billy,0
1956,597,O'Connor,Pat,0
1956,607,Perdisa,Cesare,0
1956,611,Hanks,Sam,0
1956,612,Linden,Andy,0
1956,615,Agabashian,Fred,0
1956,619,Gerard,Bob,0
1956,622,Landi,Chico,0
1956,623,Uria,Alberto,0
1956,625,Bayol,Élie,0
1956,628,Sweikert,Bob,0
1956,629,Griffith,Cliff,0
1956,630,Dinsmore,Duke,0
1956,632,Frère,Paul,0
1956,635,Chapman,Colin,0
1956,638,Volonterio,Ottorino,0
1956,640,de Graffenried,Toulo,0
1956,641,Taruffi,Piero,0
1956,806,González,Óscar,0
1956,347,Bonnier,Jo,-1
1956,356,Brabham,Jack,-1
1956,456,Salvadori,Roy,-1
1956,479,Brooks,Tony,-1
1956,482,Gendebien,Olivier,-1
1956,483,Scarlatti,Giorgio,-1
1956,509,Rathmann,Jim,-1
1956,532,Russo,Eddie,-1
1956,541,Flockhart,Ron,-1
1956,562,Turner,Jack,-1
1956,579,Fangio,Juan,-1
1956,581,Collins,Peter,-1
1956,589,Chiron,Louis,-1
1956,594,Tolan,Johnnie,-1
1956,596,Elisian,Ed,-1
1956,606,de Portago,Alfonso,-1
1956,609,Simon,André,-1
1956,610,Leston,Les,-1
1956,620,Maglioli,Umberto,-1
1956,626,Manzon,Robert,-1
1956,631,Andrews,Keith,-1
1956,634,Scotti,Piero,-1
1956,636,Titterington,Desmond,-1
1956,637,Scott Brown,Archie,-1
1956,639,Milhoux,André,-1
1956,427,Trintignant,Maurice,-2
1956,475,Moss,Stirling,-2
1956,498,González,José Froilán,-2
1956,506,Halford,Bruce,-2
1956,547,Gould,Horace,-2
1956,578,Hawthorn,Mike,-2
1956,624,da Silva Ramos,Hernando,-2
1956,627,Rosier,Louis,-2
1956,501,Schell,Harry,-3
1956,633,Villoresi,Luigi,-3
1956,608,Castellotti,Eugenio,-4
1957,418,Gregory,Masten,0
1957,430,de Beaufort,Carel Godin,0
1957,431,Barth,Edgar,0
1957,449,Ward,Rodger,0
1957,459,Marsh,Tony,0
1957,478,Herrmann,Hans,0
1957,483,Scarlatti,Giorgio,0
1957,484,Naylor,Brian,0
1957,498,González,José Froilán,0
1957,509,Rathmann,Jim,0
1957,512,Thomson,Johnny,0
1957,513,Johnson,Eddie,0
1957,514,Veith,Bob,0
1957,516,Christie,Bob,0
1957,520,Hartley,Gene,0
1957,525,Bryan,Jimmy,0
1957,527,Sachs,Eddie,0
1957,528,Freeland,Don,0
1957,529,Bettenhausen,Tony,0
1957,532,Russo,Eddie,0
1957,533,Boyd,Johnny,0
1957,538,Herman,Al,0
1957,547,Gould,Horace,0
1957,549,Bueb,Ivor,0
1957,555,Russo,Paul,0
1957,556,Daywalt,Jimmy,0
1957,558,Keller,Al,0
1957,560,Cheesbourg,Bill,0
1957,562,Turner,Jack,0
1957,563,Weyant,Chuck,0
1957,565,Magill,Mike,0
1957,573,de Tomaso,Alessandro,0
1957,592,Reece,Jimmy,0
1957,593,Parsons,Johnnie,0
1957,596,Elisian,Ed,0
1957,597,O'Connor,Pat,0
1957,601,Gibson,Dick,0
1957,606,de Portago,Alfonso,0
1957,607,Perdisa,Cesare,0
1957,608,Castellotti,Eugenio,0
1957,609,Simon,André,0
1957,611,Hanks,Sam,0
1957,612,Linden,Andy,0
1957,613,Teague,Marshall,0
1957,614,Edmunds,Don,0
1957,615,Agabashian,Fred,0
1957,616,George,Elmer,0
1957,617,MacDowel,Mike,0
1957,619,Gerard,Bob,0
1957,621,England,Paul,0
1957,638,Volonterio,Ottorino,0
1957,427,Trintignant,Maurice,-1
1957,475,Moss,Stirling,-1
1957,476,von Trips,Wolfgang,-1
1957,486,Fairman,Jack,-1
1957,501,Schell,Harry,-1
1957,526,Ruttman,Troy,-1
1957,541,Flockhart,Ron,-1
1957,577,Musso,Luigi,-1
1957,579,Fangio,Juan,-1
1957,580,Godia,Paco,-1
1957,594,Tolan,Johnnie,-1
1957,610,Leston,Les,-1
1957,618,MacKay-Fraser,Herbert,-1
1957,620,Maglioli,Umberto,-1
1957,356,Brabham,Jack,-2
1957,456,Salvadori,Roy,-2
1957,479,Brooks,Tony,-2
1957,496,Menditeguy,Carlos,-2
1957,506,Halford,Bruce,-2
1957,554,Behra,Jean,-2
1957,578,Hawthorn,Mike,-2
1957,581,Collins,Peter,-2
1957,586,Piotti,Luigi,-2
1957,590,Lewis-Evans,Stuart,-2
1957,347,Bonnier,Jo,-3
1958,360,McLaren,Bruce,0
1958,403,Hill,Phil,0
1958,431,Barth,Edgar,0
1958,449,Ward,Rodger,0
1958,459,Marsh,Tony,0
1958,484,Naylor,Brian,0
1958,486,Fairman,Jack,0
1958,496,Menditeguy,Carlos,0
1958,509,Rathmann,Jim,0
1958,510,Goldsmith,Paul,0
1958,512,Thomson,Johnny,0
1958,513,Johnson,Eddie,0
1958,514,Veith,Bob,0
1958,516,Christie,Bob,0
1958,525,Bryan,Jimmy,0
1958,528,Freeland,Don,0
1958,529,Bettenhausen,Tony,0
1958,531,Foyt,Anthony,0
1958,533,Boyd,Johnny,0
1958,536,Sutton,Len,0
1958,537,Rathmann,Dick,0
1958,539,Wilson,Dempsey,0
1958,547,Gould,Horace,0
1958,553,Testut,André,0
1958,555,Russo,Paul,0
1958,558,Keller,Al,0
1958,560,Cheesbourg,Bill,0
1958,562,Turner,Jack,0
1958,563,Weyant,Chuck,0
1958,564,Larson,Jud,0
1958,565,Magill,Mike,0
1958,577,Musso,Luigi,0
1958,579,Fangio,Juan,0
1958,582,Kavanagh,Ken,0
1958,584,Kessler,Bruce,0
1958,585,Emery,Paul,0
1958,586,Piotti,Luigi,0
1958,587,Ecclestone,Bernie,0
1958,588,Taramazzo,Luigi,0
1958,589,Chiron,Louis,0
1958,591,Amick,George,0
1958,592,Reece,Jimmy,0
1958,593,Parsons,Johnnie,0
1958,594,Tolan,Johnnie,0
1958,595,Garrett,Billy,0
1958,596,Elisian,Ed,0
1958,597,O'Connor,Pat,0
1958,598,Unser,Jerry,0
1958,599,Bisch,Art,0
1958,600,Goethals,Christian,0
1958,602,La Caze,Robert,0
1958,603,Guelfi,André,0
1958,604,Picard,François,0
1958,605,Bridger,Tom,0
1958,418,Gregory,Masten,-1
1958,430,de Beaufort,Carel Godin,-1
1958,437,Burgess,Ian,-1
1958,455,Seidel,Wolfgang,-1
1958,456,Salvadori,Roy,-1
1958,482,Gendebien,Olivier,-1
1958,483,Scarlatti,Giorgio,-1
1958,502,Stacey,Alan,-1
1958,523,Templeman,Shorty,-1
1958,526,Ruttman,Troy,-1
1958,527,Sachs,Eddie,-1
1958,541,Flockhart,Ron,-1
1958,543,Cabianca,Giulio,-1
1958,549,Bueb,Ivor,-1
1958,578,Hawthorn,Mike,-1
1958,580,Godia,Paco,-1
1958,583,Gerini,Gerino,-1
1958,601,Gibson,Dick,-1
1958,347,Bonnier,Jo,-2
1958,356,Brabham,Jack,-2
1958,427,Trintignant,Maurice,-2
1958,476,von Trips,Wolfgang,-2
1958,478,Herrmann,Hans,-2
1958,501,Schell,Harry,-2
1958,551,de Filippis,Maria,-2
1958,566,Shelby,Carroll,-2
1958,581,Collins,Peter,-2
1958,477,Allison,Cliff,-3
1958,289,Hill,Graham,-4
1958,475,Moss,Stirling,-4
1958,479,Brooks,Tony,-4
1958,590,Lewis-Evans,Stuart,-4
1958,554,Behra,Jean,-6
1959,353,Lovely,Pete,0
1959,364,Gurney,Dan,0
1959,376,Bianchi,Lucien,0
1959,387,Parkes,Mike,0
1959,401,Taylor,Trevor,0
1959,427,Trintignant,Maurice,0
1959,430,de Beaufort,Carel Godin,0
1959,432,Cabral,Mário de Araújo,0
1959,441,Parnell,Tim,0
1959,462,Davis,Colin,0
1959,465,Greene,Keith,0
1959,481,Taylor,Henry,0
1959,482,Gendebien,Olivier,0
1959,483,Scarlatti,Giorgio,0
1959,505,Bristow,Chris,0
1959,506,Halford,Bruce,0
1959,509,Rathmann,Jim,0
1959,510,Goldsmith,Paul,0
1959,512,Thomson,Johnny,0
1959,513,Johnson,Eddie,0
1959,514,Veith,Bob,0
1959,517,Amick,Red,0
1959,518,Carter,Duane,0
1959,520,Hartley,Gene,0
1959,522,Grim,Bobby,0
1959,527,Sachs,Eddie,0
1959,528,Freeland,Don,0
1959,529,Bettenhausen,Tony,0
1959,531,Foyt,Anthony,0
1959,533,Boyd,Johnny,0
1959,535,McWithey,Jim,0
1959,536,Sutton,Len,0
1959,537,Rathmann,Dick,0
1959,538,Herman,Al,0
1959,541,Flockhart,Ron,0
1959,543,Cabianca,Giulio,0
1959,549,Bueb,Ivor,0
1959,550,de Changy,Alain,0
1959,551,de Filippis,Maria,0
1959,552,Lucienbonnet,Jean,0
1959,553,Testut,André,0
1959,555,Russo,Paul,0
1959,556,Daywalt,Jimmy,0
1959,557,Arnold,Chuck,0
1959,559,Flaherty,Pat,0
1959,560,Cheesbourg,Bill,0
1959,561,Crawford,Ray,0
1959,562,Turner,Jack,0
1959,563,Weyant,Chuck,0
1959,564,Larson,Jud,0
1959,565,Magill,Mike,0
1959,567,d'Orey,Fritz,0
1959,568,Fontes,Azdrubal,0
1959,569,Ashdown,Peter,0
1959,570,Moss,Bill,0
1959,571,Taylor,Dennis,0
1959,572,Blanchard,Harry,0
1959,575,Said,Bob,0
1959,576,Cade,Phil,0
1959,403,Hill,Phil,-1
1959,449,Ward,Rodger,-1
1959,476,von Trips,Wolfgang,-1
1959,478,Herrmann,Hans,-1
1959,479,Brooks,Tony,-1
1959,484,Naylor,Brian,-1
1959,502,Stacey,Alan,-1
1959,511,Branson,Don,-1
1959,516,Christie,Bob,-1
1959,525,Bryan,Jimmy,-1
1959,540,Taylor,Mike,-1
1959,542,Piper,David,-1
1959,558,Keller,Al,-1
1959,566,Shelby,Carroll,-1
1959,573,de Tomaso,Alessandro,-1
1959,574,Constantine,George,-1
1959,289,Hill,Graham,-2
1959,356,Brabham,Jack,-2
1959,404,Ireland,Innes,-2
1959,418,Gregory,Masten,-2
1959,437,Burgess,Ian,-2
1959,477,Allison,Cliff,-2
1959,486,Fairman,Jack,-2
1959,501,Schell,Harry,-2
1959,554,Behra,Jean,-2
1959,360,McLaren,Bruce,-3
1959,347,Bonnier,Jo,-4
1959,456,Salvadori,Roy,-4
1959,475,Moss,Stirling,-4
1960,353,Lovely,Pete,0
1960,404,Ireland,Innes,0
1960,430,de Beaufort,Carel Godin,0
1960,431,Barth,Edgar,0
1960,432,Cabral,Mário de Araújo,0
1960,439,Estéfano,Nasif,0
1960,440,Hall,Jim,0
1960,449,Ward,Rodger,0
1960,455,Seidel,Wolfgang,0
1960,477,Allison,Cliff,0
1960,478,Herrmann,Hans,0
1960,481,Taylor,Henry,0
1960,482,Gendebien,Olivier,0
1960,486,Fairman,Jack,0
1960,494,Ruby,Lloyd,0
1960,496,Menditeguy,Carlos,0
1960,497,Larreta,Alberto Rodriguez,0
1960,498,González,José Froilán,0
1960,499,Bonomi,Roberto,0
1960,501,Schell,Harry,0
1960,503,Chimeri,Ettore,0
1960,504,Creus,Antonio,0
1960,509,Rathmann,Jim,0
1960,510,Goldsmith,Paul,0
1960,511,Branson,Don,0
1960,512,Thomson,Johnny,0
1960,513,Johnson,Eddie,0
1960,514,Veith,Bob,0
1960,515,Tingelstad,Bud,0
1960,516,Christie,Bob,0
1960,517,Amick,Red,0
1960,518,Carter,Duane,0
1960,519,Homeier,Bill,0
1960,520,Hartley,Gene,0
1960,521,Stevenson,Chuck,0
1960,522,Grim,Bobby,0
1960,525,Bryan,Jimmy,0
1960,526,Ruttman,Troy,0
1960,527,Sachs,Eddie,0
1960,528,Freeland,Don,0
1960,530,Weiler,Wayne,0
1960,532,Russo,Eddie,0
1960,539,Wilson,Dempsey,0
1960,540,Taylor,Mike,0
1960,543,Cabianca,Giulio,0
1960,544,Drogo,Piero,0
1960,545,Gamble,Fred,0
1960,546,Owen,Arthur,0
1960,547,Gould,Horace,0
1960,548,Drake,Bob,0
1960,341,Surtees,John,-1
1960,356,Brabham,Jack,-1
1960,360,McLaren,Bruce,-1
1960,373,Clark,Jim,-1
1960,386,Ginther,Richie,-1
1960,398,Wilson,Vic,-1
1960,418,Gregory,Masten,-1
1960,437,Burgess,Ian,-1
1960,456,Salvadori,Roy,-1
1960,465,Greene,Keith,-1
1960,475,Moss,Stirling,-1
1960,491,Thiele,Alfonso,-1
1960,502,Stacey,Alan,-1
1960,506,Halford,Bruce,-1
1960,508,Reventlow,Lance,-1
1960,523,Templeman,Shorty,-1
1960,524,Hurtubise,Jim,-1
1960,529,Bettenhausen,Tony,-1
1960,531,Foyt,Anthony,-1
1960,533,Boyd,Johnny,-1
1960,534,Force,Gene,-1
1960,535,McWithey,Jim,-1
1960,536,Sutton,Len,-1
1960,537,Rathmann,Dick,-1
1960,538,Herman,Al,-1
1960,541,Flockhart,Ron,-1
1960,542,Piper,David,-1
1960,376,Bianchi,Lucien,-2
1960,403,Hill,Phil,-2
1960,427,Trintignant,Maurice,-2
1960,435,Mairesse,Willy,-2
1960,479,Brooks,Tony,-2
1960,483,Scarlatti,Giorgio,-2
1960,484,Naylor,Brian,-2
1960,500,Munaron,Gino,-2
1960,505,Bristow,Chris,-2
1960,476,von Trips,Wolfgang,-3
1960,507,Daigh,Chuck,-3
1960,289,Hill,Graham,-4
1960,347,Bonnier,Jo,-5
1960,364,Gurney,Dan,-5
1961,360,McLaren,Bruce,0
1961,364,Gurney,Dan,0
1961,373,Clark,Jim,0
1961,401,Taylor,Trevor,0
1961,403,Hill,Phil,0
1961,408,Maggs,Tony,0
1961,429,Pilette,André,0
1961,431,Barth,Edgar,0
1961,433,Hansgen,Walt,0
1961,434,Sharp,Hap,0
1961,436,Campbell-Jones,John,0
1961,437,Burgess,Ian,0
1961,440,Hall,Jim,0
1961,454,Rodríguez,Ricardo,0
1961,459,Marsh,Tony,0
1961,460,Ashmore,Gerry,0
1961,465,Greene,Keith,0
1961,467,Prinoth,Ernesto,0
1961,468,Penske,Roger,0
1961,477,Allison,Cliff,0
1961,478,Herrmann,Hans,0
1961,480,May,Michael,0
1961,481,Taylor,Henry,0
1961,482,Gendebien,Olivier,0
1961,485,Bordeu,Juan Manuel,0
1961,488,Monteverdi,Peter,0
1961,489,Pirocchi,Renato,0
1961,490,Duke,Geoff,0
1961,491,Thiele,Alfonso,0
1961,492,Boffa,Menato,0
1961,493,Ryan,Peter,0
1961,494,Ruby,Lloyd,0
1961,495,Miles,Ken,0
1961,385,Bandini,Lorenzo,-1
1961,394,Baghetti,Giancarlo,-1
1961,404,Ireland,Innes,-1
1961,424,Bussinello,Roberto,-1
1961,425,Vaccarella,Nino,-1
1961,428,Collomb,Bernard,-1
1961,430,de Beaufort,Carel Godin,-1
1961,435,Mairesse,Willy,-1
1961,441,Parnell,Tim,-1
1961,444,Lippi,Roberto,-1
1961,447,Starrabba,Gaetano,-1
1961,453,Lewis,Jackie,-1
1961,455,Seidel,Wolfgang,-1
1961,456,Salvadori,Roy,-1
1961,476,von Trips,Wolfgang,-1
1961,483,Scarlatti,Giorgio,-1
1961,484,Naylor,Brian,-1
1961,486,Fairman,Jack,-1
1961,487,Natili,Massimo,-1
1961,289,Hill,Graham,-2
1961,341,Surtees,John,-2
1961,347,Bonnier,Jo,-2
1961,376,Bianchi,Lucien,-2
1961,386,Ginther,Richie,-2
1961,418,Gregory,Masten,-2
1961,427,Trintignant,Maurice,-2
1961,475,Moss,Stirling,-3
1961,479,Brooks,Tony,-3
1961,356,Brabham,Jack,-4
1962,340,Love,John,0
1962,347,Bonnier,Jo,0
1962,368,Tingle,Sam,0
1962,376,Bianchi,Lucien,0
1962,385,Bandini,Lorenzo,0
1962,394,Baghetti,Giancarlo,0
1962,397,Arundell,Peter,0
1962,410,Lederle,Neville,0
1962,411,Serrurier,Doug,0
1962,413,Pieterse,Ernie,0
1962,424,Bussinello,Roberto,0
1962,425,Vaccarella,Nino,0
1962,430,de Beaufort,Carel Godin,0
1962,434,Sharp,Hap,0
1962,436,Campbell-Jones,John,0
1962,437,Burgess,Ian,0
1962,439,Estéfano,Nasif,0
1962,440,Hall,Jim,0
1962,442,Kuhnke,Kurt,0
1962,444,Lippi,Roberto,0
1962,445,Seiffert,Günther,0
1962,446,Abate,Carlo,0
1962,454,Rodríguez,Ricardo,0
1962,457,Pon,Ben,0
1962,458,Slotemaker,Rob,0
1962,459,Marsh,Tony,0
1962,460,Ashmore,Gerry,0
1962,462,Davis,Colin,0
1962,463,Chamberlain,Jay,0
1962,466,Walter,Heini,0
1962,467,Prinoth,Ernesto,0
1962,468,Penske,Roger,0
1962,469,Schroeder,Rob,0
1962,470,Mayer,Timmy,0
1962,471,Johnstone,Bruce,0
1962,472,Harris,Mike,0
1962,473,Hocking,Gary,0
1962,474,van der Vyver,Syd,0
1962,289,Hill,Graham,-1
1962,346,Siffert,Jo,-1
1962,356,Brabham,Jack,-1
1962,360,McLaren,Bruce,-1
1962,364,Gurney,Dan,-1
1962,418,Gregory,Masten,-1
1962,428,Collomb,Bernard,-1
1962,435,Mairesse,Willy,-1
1962,438,Settember,Tony,-1
1962,453,Lewis,Jackie,-1
1962,455,Seidel,Wolfgang,-1
1962,461,Schiller,Heinz,-1
1962,464,Shelly,Tony,-1
1962,465,Greene,Keith,-1
1962,386,Ginther,Richie,-2
1962,401,Taylor,Trevor,-2
1962,403,Hill,Phil,-2
1962,404,Ireland,Innes,-2
1962,408,Maggs,Tony,-2
1962,341,Surtees,John,-3
1962,373,Clark,Jim,-3
1962,427,Trintignant,Maurice,-3
1962,456,Salvadori,Roy,-4
1963,305,Hailwood,Mike,0
1963,310,Driver,Paddy,0
1963,340,Love,John,0
1963,368,Tingle,Sam,0
1963,375,Scarfiotti,Ludovico,0
1963,376,Bianchi,Lucien,0
1963,383,Anderson,Bob,0
1963,386,Ginther,Richie,0
1963,397,Arundell,Peter,0
1963,409,Blokdyk,Trevor,0
1963,410,Lederle,Neville,0
1963,411,Serrurier,Doug,0
1963,412,Niemann,Brausch,0
1963,428,Collomb,Bernard,0
1963,429,Pilette,André,0
1963,430,de Beaufort,Carel Godin,0
1963,433,Hansgen,Walt,0
1963,434,Sharp,Hap,0
1963,436,Campbell-Jones,John,0
1963,437,Burgess,Ian,0
1963,438,Settember,Tony,0
1963,439,Estéfano,Nasif,0
1963,441,Parnell,Tim,0
1963,442,Kuhnke,Kurt,0
1963,443,Brambilla,Ernesto,0
1963,444,Lippi,Roberto,0
1963,445,Seiffert,Günther,0
1963,446,Abate,Carlo,0
1963,447,Starrabba,Gaetano,0
1963,448,Broeker,Peter,0
1963,450,de Vos,Ernie,0
1963,451,Dochnal,Frank,0
1963,452,Monarch,Thomas,0
1963,278,Amon,Chris,-1
1963,347,Bonnier,Jo,-1
1963,362,de Klerk,Peter,-1
1963,373,Clark,Jim,-1
1963,374,Spence,Mike,-1
1963,382,Solana,Moisés,-1
1963,385,Bandini,Lorenzo,-1
1963,407,Prophet,David,-1
1963,413,Pieterse,Ernie,-1
1963,420,Raby,Ian,-1
1963,423,Mitter,Gerhard,-1
1963,427,Trintignant,Maurice,-1
1963,432,Cabral,Mário de Araújo,-1
1963,435,Mairesse,Willy,-1
1963,449,Ward,Rodger,-1
1963,345,Rodríguez,Pedro,-2
1963,356,Brabham,Jack,-2
1963,364,Gurney,Dan,-2
1963,394,Baghetti,Giancarlo,-2
1963,404,Ireland,Innes,-2
1963,440,Hall,Jim,-2
1963,341,Surtees,John,-3
1963,360,McLaren,Bruce,-3
1963,401,Taylor,Trevor,-3
1963,403,Hill,Phil,-3
1963,408,Maggs,Tony,-3
1963,289,Hill,Graham,-4
1963,346,Siffert,Jo,-4
1963,418,Gregory,Masten,-4
1964,309,Revson,Peter,0
1964,340,Love,John,0
1964,345,Rodríguez,Pedro,0
1964,358,Rindt,Jochen,0
1964,370,Attwood,Richard,0
1964,374,Spence,Mike,0
1964,375,Scarfiotti,Ludovico,0
1964,380,Gardner,Frank,0
1964,382,Solana,Moisés,0
1964,386,Ginther,Richie,0
1964,394,Baghetti,Giancarlo,0
1964,399,Taylor,John,0
1964,402,Russo,Giacomo,0
1964,420,Raby,Ian,0
1964,423,Mitter,Gerhard,0
1964,428,Collomb,Bernard,0
1964,432,Cabral,Mário de Araújo,0
1964,433,Hansgen,Walt,0
1964,434,Sharp,Hap,0
1964,289,Hill,Graham,-1
1964,397,Arundell,Peter,-1
1964,404,Ireland,Innes,-1
1964,408,Maggs,Tony,-1
1964,427,Trintignant,Maurice,-1
1964,429,Pilette,André,-1
1964,430,de Beaufort,Carel Godin,-1
1964,431,Barth,Edgar,-1
1964,346,Siffert,Jo,-2
1964,383,Anderson,Bob,-2
1964,401,Taylor,Trevor,-2
1964,405,Bucknum,Ronnie,-2
1964,305,Hailwood,Mike,-3
1964,347,Bonnier,Jo,-3
1964,356,Brabham,Jack,-3
1964,364,Gurney,Dan,-3
1964,385,Bandini,Lorenzo,-3
1964,341,Surtees,John,-4
1964,360,McLaren,Bruce,-4
1964,403,Hill,Phil,-4
1964,373,Clark,Jim,-5
1964,278,Amon,Chris,-6
1965,293,Charlton,Dave,0
1965,334,Pretorius,Jackie,0
1965,340,Love,John,0
1965,345,Rodríguez,Pedro,0
1965,362,de Klerk,Peter,0
1965,368,Tingle,Sam,0
1965,370,Attwood,Richard,0
1965,375,Scarfiotti,Ludovico,0
1965,376,Bianchi,Lucien,0
1965,382,Solana,Moisés,0
1965,386,Ginther,Richie,0
1965,406,Hawkins,Paul,0
1965,407,Prophet,David,0
1965,408,Maggs,Tony,0
1965,409,Blokdyk,Trevor,0
1965,410,Lederle,Neville,0
1965,411,Serrurier,Doug,0
1965,412,Niemann,Brausch,0
1965,413,Pieterse,Ernie,0
1965,414,Puzey,Clive,0
1965,415,Reed,Ray,0
1965,416,Clapham,David,0
1965,417,Blignaut,Alex,0
1965,419,Rhodes,John,0
1965,420,Raby,Ian,0
1965,421,Rollinson,Alan,0
1965,422,Gubby,Brian,0
1965,423,Mitter,Gerhard,0
1965,278,Amon,Chris,-1
1965,289,Hill,Graham,-1
1965,304,Hulme,Denny,-1
1965,305,Hailwood,Mike,-1
1965,356,Brabham,Jack,-1
1965,364,Gurney,Dan,-1
1965,385,Bandini,Lorenzo,-1
1965,394,Baghetti,Giancarlo,-1
1965,396,Bondurant,Bob,-1
1965,402,Russo,Giacomo,-1
1965,418,Gregory,Masten,-1
1965,424,Bussinello,Roberto,-1
1965,425,Vaccarella,Nino,-1
1965,426,Bassi,Giorgio,-1
1965,346,Siffert,Jo,-2
1965,347,Bonnier,Jo,-2
1965,373,Clark,Jim,-2
1965,374,Spence,Mike,-2
1965,383,Anderson,Bob,-2
1965,404,Ireland,Innes,-2
1965,405,Bucknum,Ronnie,-2
1965,328,Stewart,Jackie,-3
1965,341,Surtees,John,-3
1965,358,Rindt,Jochen,-3
1965,380,Gardner,Frank,-3
1965,360,McLaren,Bruce,-4
1966,278,Amon,Chris,0
1966,345,Rodríguez,Pedro,0
1966,387,Parkes,Mike,0
1966,388,Irwin,Chris,0
1966,389,Ligier,Guy,0
1966,394,Baghetti,Giancarlo,0
1966,398,Wilson,Vic,0
1966,399,Taylor,John,0
1966,402,Russo,Giacomo,0
1966,403,Hill,Phil,0
1966,360,McLaren,Bruce,-1
1966,375,Scarfiotti,Ludovico,-1
1966,382,Solana,Moisés,-1
1966,385,Bandini,Lorenzo,-1
1966,386,Ginther,Richie,-1
1966,396,Bondurant,Bob,-1
1966,400,Lawrence,Chris,-1
1966,401,Taylor,Trevor,-1
1966,404,Ireland,Innes,-1
1966,405,Bucknum,Ronnie,-1
1966,304,Hulme,Denny,-2
1966,328,Stewart,Jackie,-2
1966,347,Bonnier,Jo,-2
1966,356,Brabham,Jack,-2
1966,358,Rindt,Jochen,-2
1966,374,Spence,Mike,-2
1966,289,Hill,Graham,-3
1966,341,Surtees,John,-3
1966,383,Anderson,Bob,-3
1966,346,Siffert,Jo,-4
1966,364,Gurney,Dan,-4
1966,373,Clark,Jim,-4
1966,397,Arundell,Peter,-4
1967,262,Oliver,Jackie,0
1967,293,Charlton,Dave,0
1967,306,Beltoise,Jean-Pierre,0
1967,322,Hobbs,David,0
1967,326,Wietzes,Eppie,0
1967,340,Love,John,0
1967,359,Servoz-Gavin,Johnny,0
1967,361,Courage,Piers,0
1967,368,Tingle,Sam,0
1967,370,Attwood,Richard,0
1967,371,Pease,Al,0
1967,379,Ahrens,Kurt,0
1967,384,Botha,Luki,0
1967,385,Bandini,Lorenzo,0
1967,386,Ginther,Richie,0
1967,387,Parkes,Mike,0
1967,390,Rees,Alan,0
1967,391,Hart,Brian,0
1967,392,Fisher,Mike,0
1967,393,Jones,Tom,0
1967,395,Williams,Jonathan,0
1967,278,Amon,Chris,-1
1967,351,Moser,Silvio,-1
1967,365,Hahne,Hubert,-1
1967,374,Spence,Mike,-1
1967,375,Scarfiotti,Ludovico,-1
1967,377,Schlesser,Jo,-1
1967,382,Solana,Moisés,-1
1967,383,Anderson,Bob,-1
1967,394,Baghetti,Giancarlo,-1
1967,235,Ickx,Jacky,-2
1967,304,Hulme,Denny,-2
1967,341,Surtees,John,-2
1967,345,Rodríguez,Pedro,-2
1967,356,Brabham,Jack,-2
1967,389,Ligier,Guy,-2
1967,360,McLaren,Bruce,-3
1967,373,Clark,Jim,-3
1967,388,Irwin,Chris,-3
1967,346,Siffert,Jo,-4
1967,347,Bonnier,Jo,-4
1967,364,Gurney,Dan,-4
1967,289,Hill,Graham,-5
1967,328,Stewart,Jackie,-5
1967,358,Rindt,Jochen,-6
1968,235,Ickx,Jacky,0
1968,289,Hill,Graham,0
1968,293,Charlton,Dave,0
1968,312,Redman,Brian,0
1968,333,de Adamich,Andrea,0
1968,334,Pretorius,Jackie,0
1968,340,Love,John,0
1968,343,Brack,Bill,0
1968,351,Moser,Silvio,0
1968,359,Servoz-Gavin,Johnny,0
1968,360,McLaren,Bruce,0
1968,365,Hahne,Hubert,0
1968,370,Attwood,Richard,0
1968,373,Clark,Jim,0
1968,374,Spence,Mike,0
1968,375,Scarfiotti,Ludovico,0
1968,377,Schlesser,Jo,0
1968,378,Widdows,Robin,0
1968,379,Ahrens,Kurt,0
1968,380,Gardner,Frank,0
1968,382,Solana,Moisés,0
1968,207,Andretti,Mario,-1
1968,280,Pescarolo,Henri,-1
1968,304,Hulme,Denny,-1
1968,321,Bell,Derek,-1
1968,322,Hobbs,David,-1
1968,368,Tingle,Sam,-1
1968,369,van Rooyen,Basil,-1
1968,376,Bianchi,Lucien,-1
1968,381,Unser,Bobby,-1
1968,278,Amon,Chris,-2
1968,328,Stewart,Jackie,-2
1968,347,Bonnier,Jo,-2
1968,350,Elford,Vic,-2
1968,262,Oliver,Jackie,-3
1968,345,Rodríguez,Pedro,-3
1968,361,Courage,Piers,-3
1968,364,Gurney,Dan,-3
1968,306,Beltoise,Jean-Pierre,-4
1968,346,Siffert,Jo,-4
1968,341,Surtees,John,-5
1968,358,Rindt,Jochen,-5
1968,356,Brabham,Jack,-7
1969,340,Love,John,0
1969,343,Brack,Bill,0
1969,350,Elford,Vic,0
1969,351,Moser,Silvio,0
1969,353,Lovely,Pete,0
1969,359,Servoz-Gavin,Johnny,0
1969,362,de Klerk,Peter,0
1969,368,Tingle,Sam,0
1969,370,Attwood,Richard,0
1969,371,Pease,Al,0
1969,372,Cordts,John,0
1969,289,Hill,Graham,-1
1969,321,Bell,Derek,-1
1969,328,Stewart,Jackie,-1
1969,347,Bonnier,Jo,-1
1969,356,Brabham,Jack,-1
1969,358,Rindt,Jochen,-1
1969,369,van Rooyen,Basil,-1
1969,207,Andretti,Mario,-2
1969,235,Ickx,Jacky,-2
1969,304,Hulme,Denny,-2
1969,306,Beltoise,Jean-Pierre,-2
1969,346,Siffert,Jo,-2
1969,352,Eaton,George,-2
1969,357,Miles,John,-2
1969,360,McLaren,Bruce,-2
1969,361,Courage,Piers,-2
1969,278,Amon,Chris,-4
1969,345,Rodríguez,Pedro,-4
1969,262,Oliver,Jackie,-5
1969,341,Surtees,John,-5
1970,312,Redman,Brian,0
1970,317,Wisell,Reine,0
1970,330,Galli,Nanni,0
1970,339,Soler-Roig,Alex,0
1970,340,Love,John,0
1970,347,Bonnier,Jo,0
1970,351,Moser,Silvio,0
1970,353,Lovely,Pete,0
1970,362,de Klerk,Peter,0
1970,363,Giunti,Ignazio,0
1970,365,Hahne,Hubert,0
1970,366,Hutchison,Gus,0
1970,367,Westbury,Peter,0
1970,223,Regazzoni,Clay,-1
1970,224,Fittipaldi,Emerson,-1
1970,293,Charlton,Dave,-1
1970,320,Gethin,Peter,-1
1970,321,Bell,Derek,-1
1970,333,de Adamich,Andrea,-1
1970,359,Servoz-Gavin,Johnny,-1
1970,361,Courage,Piers,-1
1970,238,Peterson,Ronnie,-2
1970,243,Stommelen,Rolf,-2
1970,304,Hulme,Denny,-2
1970,345,Rodríguez,Pedro,-2
1970,360,McLaren,Bruce,-2
1970,364,Gurney,Dan,-2
1970,207,Andretti,Mario,-3
1970,280,Pescarolo,Henri,-3
1970,306,Beltoise,Jean-Pierre,-3
1970,314,Schenken,Tim,-3
1970,327,Cevert,François,-3
1970,356,Brabham,Jack,-3
1970,358,Rindt,Jochen,-3
1970,235,Ickx,Jacky,-4
1970,289,Hill,Graham,-4
1970,352,Eaton,George,-4
1970,357,Miles,John,-4
1970,278,Amon,Chris,-5
1970,328,Stewart,Jackie,-5
1970,346,Siffert,Jo,-6
1970,341,Surtees,John,-8
1970,262,Oliver,Jackie,-9
1971,182,Lauda,Niki,0
1971,197,Jarier,Jean-Pierre,0
1971,262,Oliver,Jackie,0
1971,288,Donohue,Mark,0
1971,298,van Lennep,Gijs,0
1971,305,Hailwood,Mike,0
1971,306,Beltoise,Jean-Pierre,0
1971,312,Redman,Brian,0
1971,322,Hobbs,David,0
1971,338,Walker,David,0
1971,340,Love,John,0
1971,348,Mazet,François,0
1971,349,Jean,Max,0
1971,350,Elford,Vic,0
1971,352,Eaton,George,0
1971,353,Lovely,Pete,0
1971,355,Cannon,John,0
1971,207,Andretti,Mario,-1
1971,238,Peterson,Ronnie,-1
1971,278,Amon,Chris,-1
1971,289,Hill,Graham,-1
1971,307,Ganley,Howden,-1
1971,309,Revson,Peter,-1
1971,317,Wisell,Reine,-1
1971,320,Gethin,Peter,-1
1971,321,Bell,Derek,-1
1971,327,Cevert,François,-1
1971,328,Stewart,Jackie,-1
1971,330,Galli,Nanni,-1
1971,334,Pretorius,Jackie,-1
1971,337,Marko,Helmut,-1
1971,342,Barber,Skip,-1
1971,344,Posey,Sam,-1
1971,345,Rodríguez,Pedro,-1
1971,347,Bonnier,Jo,-1
1971,351,Moser,Silvio,-1
1971,354,Craft,Chris,-1
1971,224,Fittipaldi,Emerson,-2
1971,243,Stommelen,Rolf,-2
1971,293,Charlton,Dave,-2
1971,304,Hulme,Denny,-2
1971,329,Beuttler,Mike,-2
1971,339,Soler-Roig,Alex,-2
1971,346,Siffert,Jo,-2
1971,333,de Adamich,Andrea,-3
1971,341,Surtees,John,-3
1971,223,Regazzoni,Clay,-4
1971,235,Ickx,Jacky,-4
1971,280,Pescarolo,Henri,-5
1971,314,Schenken,Tim,-5
1972,182,Lauda,Niki,0
1972,221,Depailler,Patrick,0
1972,222,Scheckter,Jody,0
1972,223,Regazzoni,Clay,0
1972,232,Merzario,Arturo,0
1972,238,Peterson,Ronnie,0
1972,280,Pescarolo,Henri,0
1972,329,Beuttler,Mike,0
1972,337,Marko,Helmut,0
1972,339,Soler-Roig,Alex,0
1972,340,Love,John,0
1972,341,Surtees,John,0
1972,342,Barber,Skip,0
1972,343,Brack,Bill,0
1972,344,Posey,Sam,0
1972,250,Pace,Carlos,-1
1972,262,Oliver,Jackie,-1
1972,289,Hill,Graham,-1
1972,293,Charlton,Dave,-1
1972,296,Migault,François,-1
1972,312,Redman,Brian,-1
1972,330,Galli,Nanni,-1
1972,199,Reutemann,Carlos,-2
1972,207,Andretti,Mario,-2
1972,235,Ickx,Jacky,-2
1972,243,Stommelen,Rolf,-2
1972,278,Amon,Chris,-2
1972,304,Hulme,Denny,-2
1972,307,Ganley,Howden,-2
1972,309,Revson,Peter,-2
1972,321,Bell,Derek,-2
1972,328,Stewart,Jackie,-2
1972,224,Fittipaldi,Emerson,-3
1972,306,Beltoise,Jean-Pierre,-3
1972,327,Cevert,François,-3
1972,333,de Adamich,Andrea,-3
1972,338,Walker,David,-3
1972,305,Hailwood,Mike,-4
1972,314,Schenken,Tim,-4
1972,317,Wisell,Reine,-4
1972,320,Gethin,Peter,-4
1972,290,Fittipaldi,Wilson,-6
1973,235,Ickx,Jacky,0
1973,243,Stommelen,Rolf,0
1973,259,Purley,David,0
1973,292,Keizan,Eddie,0
1973,293,Charlton,Dave,0
1973,307,Ganley,Howden,0
1973,312,Redman,Brian,0
1973,314,Schenken,Tim,0
1973,320,Gethin,Peter,0
1973,331,Bueno,Luiz,0
1973,332,Follmer,George,0
1973,333,de Adamich,Andrea,0
1973,335,Williamson,Roger,0
1973,336,McRae,Graham,0
1973,187,Watson,John,-1
1973,200,Mass,Jochen,-1
1973,231,Hunt,James,-1
1973,278,Amon,Chris,-1
1973,280,Pescarolo,Henri,-1
1973,298,van Lennep,Gijs,-1
1973,304,Hulme,Denny,-1
1973,313,von Opel,Rikky,-1
1973,327,Cevert,François,-1
1973,328,Stewart,Jackie,-1
1973,334,Pretorius,Jackie,-1
1973,222,Scheckter,Jody,-2
1973,223,Regazzoni,Clay,-2
1973,224,Fittipaldi,Emerson,-2
1973,232,Merzario,Arturo,-2
1973,309,Revson,Peter,-2
1973,317,Wisell,Reine,-2
1973,330,Galli,Nanni,-2
1973,197,Jarier,Jean-Pierre,-3
1973,250,Pace,Carlos,-3
1973,289,Hill,Graham,-3
1973,305,Hailwood,Mike,-3
1973,182,Lauda,Niki,-4
1973,199,Reutemann,Carlos,-4
1973,238,Peterson,Ronnie,-4
1973,262,Oliver,Jackie,-4
1973,290,Fittipaldi,Wilson,-4
1973,306,Beltoise,Jean-Pierre,-5
1973,329,Beuttler,Mike,-6
1974,207,Andretti,Mario,0
1974,219,Jabouille,Jean-Pierre,0
1974,251,Scheckter,Ian,0
1974,256,Perkins,Larry,0
1974,259,Purley,David,0
1974,265,Edwards,Guy,0
1974,269,Pilette,Teddy,0
1974,270,Ashley,Ian,0
1974,275,Lombardi,Lella,0
1974,283,Wilds,Mike,0
1974,292,Keizan,Eddie,0
1974,293,Charlton,Dave,0
1974,298,van Lennep,Gijs,0
1974,300,Nicholson,John,0
1974,305,Hailwood,Mike,0
1974,307,Ganley,Howden,0
1974,315,Larrousse,Gérard,0
1974,319,Dolhem,José,0
1974,320,Gethin,Peter,0
1974,321,Bell,Derek,0
1974,322,Hobbs,David,0
1974,323,Quester,Dieter,0
1974,324,Koinigg,Helmuth,0
1974,325,Facetti,Carlo,0
1974,230,Brambilla,Vittorio,-1
1974,238,Peterson,Ronnie,-1
1974,243,Stommelen,Rolf,-1
1974,250,Pace,Carlos,-1
1974,252,Pryce,Tom,-1
1974,267,Schuppan,Vern,-1
1974,278,Amon,Chris,-1
1974,288,Donohue,Mark,-1
1974,308,Robarts,Richard,-1
1974,309,Revson,Peter,-1
1974,310,Driver,Paddy,-1
1974,311,Belsø,Tom,-1
1974,312,Redman,Brian,-1
1974,313,von Opel,Rikky,-1
1974,316,Kinnunen,Leo,-1
1974,317,Wisell,Reine,-1
1974,318,Roos,Bertil,-1
1974,326,Wietzes,Eppie,-1
1974,221,Depailler,Patrick,-2
1974,304,Hulme,Denny,-2
1974,314,Schenken,Tim,-2
1974,172,Laffite,Jacques,-3
1974,187,Watson,John,-3
1974,199,Reutemann,Carlos,-3
1974,222,Scheckter,Jody,-3
1974,223,Regazzoni,Clay,-3
1974,224,Fittipaldi,Emerson,-3
1974,289,Hill,Graham,-3
1974,296,Migault,François,-3
1974,197,Jarier,Jean-Pierre,-4
1974,233,Stuck,Hans-Joachim,-4
1974,280,Pescarolo,Henri,-4
1974,182,Lauda,Niki,-5
1974,231,Hunt,James,-5
1974,232,Merzario,Arturo,-5
1974,306,Beltoise,Jean-Pierre,-5
1974,235,Ickx,Jacky,-7
1974,200,Mass,Jochen,-8
1975,178,Jones,Alan,0
1975,182,Lauda,Niki,0
1975,205,Henton,Brian,0
1975,219,Jabouille,Jean-Pierre,0
1975,239,Lunger,Brett,0
1975,243,Stommelen,Rolf,0
1975,245,Trimmer,Tony,0
1975,251,Scheckter,Ian,0
1975,254,Zorzi,Renzo,0
1975,270,Ashley,Ian,0
1975,278,Amon,Chris,0
1975,282,Magee,Damien,0
1975,289,Hill,Graham,0
1975,291,Tunmer,Guy,0
1975,292,Keizan,Eddie,0
1975,293,Charlton,Dave,0
1975,297,Palm,Torsten,0
1975,298,van Lennep,Gijs,0
1975,299,Fushida,Hiroshi,0
1975,300,Nicholson,John,0
1975,301,Morgan,Dave,0
1975,302,Crawford,Jim,0
1975,200,Mass,Jochen,-1
1975,221,Depailler,Patrick,-1
1975,229,Ertl,Harald,-1
1975,233,Stuck,Hans-Joachim,-1
1975,267,Schuppan,Vern,-1
1975,277,Leclère,Michel,-1
1975,288,Donohue,Mark,-1
1975,294,Brise,Tony,-1
1975,296,Migault,François,-1
1975,303,Vonlanthen,Jo,-1
1975,187,Watson,John,-2
1975,199,Reutemann,Carlos,-2
1975,222,Scheckter,Jody,-2
1975,223,Regazzoni,Clay,-2
1975,224,Fittipaldi,Emerson,-2
1975,231,Hunt,James,-2
1975,232,Merzario,Arturo,-2
1975,252,Pryce,Tom,-2
1975,275,Lombardi,Lella,-2
1975,276,Evans,Bob,-2
1975,283,Wilds,Mike,-2
1975,290,Fittipaldi,Wilson,-2
1975,295,Wunderink,Roelof,-2
1975,197,Jarier,Jean-Pierre,-3
1975,235,Ickx,Jacky,-3
1975,207,Andretti,Mario,-4
1975,250,Pace,Carlos,-4
1975,172,Laffite,Jacques,-5
1975,230,Brambilla,Vittorio,-6
1975,238,Peterson,Ronnie,-6
1976,208,de Villota,Emilio,0
1976,237,Ribeiro,Alex,0
1976,242,Galica,Divina,0
1976,243,Stommelen,Rolf,0
1976,245,Trimmer,Tony,0
1976,246,Binder,Hans,0
1976,251,Scheckter,Ian,0
1976,253,Hoffmann,Ingo,0
1976,254,Zorzi,Renzo,0
1976,257,Lunger,Boy,0
1976,258,Nève,Patrick,0
1976,265,Edwards,Guy,0
1976,270,Ashley,Ian,0
1976,271,Kessel,Loris,0
1976,273,Hoshino,Kazuyoshi,0
1976,274,Takahara,Noritake,0
1976,275,Lombardi,Lella,0
1976,278,Amon,Chris,0
1976,279,Zapico,Emilio,0
1976,281,Nelleman,Jac,0
1976,282,Magee,Damien,0
1976,283,Wilds,Mike,0
1976,284,Pesenti-Rossi,Alessandro,0
1976,285,Stuppacher,Otto,0
1976,286,Brown,Warwick,0
1976,287,Hasemi,Masahiro,0
1976,178,Jones,Alan,-1
1976,182,Lauda,Niki,-1
1976,197,Jarier,Jean-Pierre,-1
1976,229,Ertl,Harald,-1
1976,235,Ickx,Jacky,-1
1976,260,Andersson,Conny,-1
1976,276,Evans,Bob,-1
1976,277,Leclère,Michel,-1
1976,280,Pescarolo,Henri,-1
1976,200,Mass,Jochen,-2
1976,231,Hunt,James,-2
1976,239,Lunger,Brett,-2
1976,252,Pryce,Tom,-2
1976,187,Watson,John,-3
1976,207,Andretti,Mario,-3
1976,221,Depailler,Patrick,-3
1976,223,Regazzoni,Clay,-3
1976,250,Pace,Carlos,-3
1976,256,Perkins,Larry,-3
1976,222,Scheckter,Jody,-4
1976,224,Fittipaldi,Emerson,-4
1976,230,Brambilla,Vittorio,-4
1976,238,Peterson,Ronnie,-4
1976,172,Laffite,Jacques,-5
1976,199,Reutemann,Carlos,-6
1976,232,Merzario,Arturo,-6
1976,233,Stuck,Hans-Joachim,-6
1976,255,Nilsson,Gunnar,-6
1977,182,Lauda,Niki,0
1977,199,Reutemann,Carlos,0
1977,205,Henton,Brian,0
1977,208,de Villota,Emilio,0
1977,211,Keegan,Rupert,0
1977,220,Francia,Giorgio,0
1977,229,Ertl,Harald,0
1977,235,Ickx,Jacky,0
1977,240,Ongais,Danny,0
1977,241,Leoni,Lamberto,0
1977,245,Trimmer,Tony,0
1977,247,Bleekemolen,Michael,0
1977,250,Pace,Carlos,0
1977,259,Purley,David,0
1977,260,Andersson,Conny,0
1977,261,de Dryver,Bernard,0
1977,262,Oliver,Jackie,0
1977,263,Kozarowitzky,Mikko,0
1977,264,Sutcliffe,Andy,0
1977,265,Edwards,Guy,0
1977,266,McGuire,Brian,0
1977,267,Schuppan,Vern,0
1977,268,Heyer,Hans,0
1977,269,Pilette,Teddy,0
1977,270,Ashley,Ian,0
1977,271,Kessel,Loris,0
1977,272,Takahashi,Kunimitsu,0
1977,273,Hoshino,Kazuyoshi,0
1977,274,Takahara,Noritake,0
1977,152,Giacomelli,Bruno,-1
1977,203,Villeneuve,Gilles,-1
1977,212,Rebaque,Hector,-1
1977,230,Brambilla,Vittorio,-1
1977,246,Binder,Hans,-1
1977,252,Pryce,Tom,-1
1977,253,Hoffmann,Ingo,-1
1977,256,Perkins,Larry,-1
1977,257,Lunger,Boy,-1
1977,258,Nève,Patrick,-1
1977,200,Mass,Jochen,-2
1977,219,Jabouille,Jean-Pierre,-2
1977,239,Lunger,Brett,-2
1977,119,Patrese,Riccardo,-3
1977,178,Jones,Alan,-3
1977,197,Jarier,Jean-Pierre,-3
1977,223,Regazzoni,Clay,-3
1977,224,Fittipaldi,Emerson,-3
1977,238,Peterson,Ronnie,-3
1977,254,Zorzi,Renzo,-3
1977,172,Laffite,Jacques,-4
1977,175,Tambay,Patrick,-4
1977,222,Scheckter,Jody,-4
1977,231,Hunt,James,-4
1977,232,Merzario,Arturo,-4
1977,237,Ribeiro,Alex,-4
1977,187,Watson,John,-5
1977,207,Andretti,Mario,-5
1977,233,Stuck,Hans-Joachim,-5
1977,255,Nilsson,Gunnar,-5
1977,251,Scheckter,Ian,-6
1977,221,Depailler,Patrick,-7
1978,158,Cheever,Eddie,0
1978,175,Tambay,Patrick,0
1978,197,Jarier,Jean-Pierre,0
1978,199,Reutemann,Carlos,0
1978,208,de Villota,Emilio,0
1978,209,Lees,Geoff,0
1978,213,Gabbiani,Beppe,0
1978,242,Galica,Divina,0
1978,243,Stommelen,Rolf,0
1978,244,Colombo,Alberto,0
1978,245,Trimmer,Tony,0
1978,246,Binder,Hans,0
1978,247,Bleekemolen,Michael,0
1978,248,Franchi,Carlo,0
1978,249,Rahal,Bobby,0
1978,152,Giacomelli,Bruno,-1
1978,163,Arnoux,René,-1
1978,178,Jones,Alan,-1
1978,206,Daly,Derek,-1
1978,229,Ertl,Harald,-1
1978,231,Hunt,James,-1
1978,240,Ongais,Danny,-1
1978,137,Piquet,Nelson,-2
1978,200,Mass,Jochen,-2
1978,202,Pironi,Didier,-2
1978,203,Villeneuve,Gilles,-2
1978,212,Rebaque,Hector,-2
1978,222,Scheckter,Jody,-2
1978,230,Brambilla,Vittorio,-2
1978,233,Stuck,Hans-Joachim,-2
1978,235,Ickx,Jacky,-2
1978,238,Peterson,Ronnie,-2
1978,241,Leoni,Lamberto,-2
1978,172,Laffite,Jacques,-3
1978,177,Rosberg,Keke,-3
1978,187,Watson,John,-3
1978,207,Andretti,Mario,-3
1978,223,Regazzoni,Clay,-3
1978,224,Fittipaldi,Emerson,-3
1978,239,Lunger,Brett,-3
1978,211,Keegan,Rupert,-4
1978,119,Patrese,Riccardo,-5
1978,221,Depailler,Patrick,-5
1978,232,Merzario,Arturo,-5
1978,182,Lauda,Niki,-6
1978,219,Jabouille,Jean-Pierre,-7
1979,152,Giacomelli,Bruno,0
1979,209,Lees,Geoff,0
1979,217,Zunino,Ricardo,0
1979,222,Scheckter,Jody,0
1979,230,Brambilla,Vittorio,0
1979,234,Brancatelli,Gianfranco,0
1979,237,Ribeiro,Alex,0
1979,176,Surer,Marc,-1
1979,206,Daly,Derek,-1
1979,221,Depailler,Patrick,-1
1979,232,Merzario,Arturo,-1
1979,236,Gaillard,Patrick,-1
1979,187,Watson,John,-2
1979,202,Pironi,Didier,-2
1979,203,Villeneuve,Gilles,-2
1979,223,Regazzoni,Clay,-2
1979,136,Lammers,Jan,-3
1979,163,Arnoux,René,-3
1979,178,Jones,Alan,-3
1979,199,Reutemann,Carlos,-3
1979,200,Mass,Jochen,-3
1979,233,Stuck,Hans-Joachim,-3
1979,173,de Angelis,Elio,-4
1979,177,Rosberg,Keke,-4
1979,197,Jarier,Jean-Pierre,-4
1979,212,Rebaque,Hector,-4
1979,231,Hunt,James,-4
1979,235,Ickx,Jacky,-4
1979,175,Tambay,Patrick,-5
1979,182,Lauda,Niki,-5
1979,119,Patrese,Riccardo,-6
1979,137,Piquet,Nelson,-6
1979,172,Laffite,Jacques,-6
1979,207,Andretti,Mario,-7
1979,219,Jabouille,Jean-Pierre,-7
1979,224,Fittipaldi,Emerson,-7
1980,140,Johansson,Stefan,0
1980,181,Winkelhock,Manfred,0
1980,191,Thackwell,Mike,0
1980,211,Keegan,Rupert,0
1980,214,Cogan,Kevin,0
1980,225,Kennedy,Dave,0
1980,226,South,Stephen,0
1980,228,Wilson,Desiré,0
1980,229,Ertl,Harald,0
1980,230,Brambilla,Vittorio,0
1980,110,de Cesaris,Andrea,-1
1980,177,Rosberg,Keke,-1
1980,178,Jones,Alan,-1
1980,209,Lees,Geoff,-1
1980,223,Regazzoni,Clay,-1
1980,227,Needell,Tiff,-1
1980,95,Mansell,Nigel,-2
1980,136,Lammers,Jan,-2
1980,137,Piquet,Nelson,-2
1980,172,Laffite,Jacques,-2
1980,197,Jarier,Jean-Pierre,-2
1980,199,Reutemann,Carlos,-2
1980,200,Mass,Jochen,-2
1980,202,Pironi,Didier,-2
1980,206,Daly,Derek,-2
1980,217,Zunino,Ricardo,-2
1980,117,Prost,Alain,-3
1980,119,Patrese,Riccardo,-3
1980,152,Giacomelli,Bruno,-3
1980,163,Arnoux,René,-3
1980,173,de Angelis,Elio,-3
1980,176,Surer,Marc,-3
1980,203,Villeneuve,Gilles,-3
1980,222,Scheckter,Jody,-3
1980,212,Rebaque,Hector,-4
1980,187,Watson,John,-5
1980,221,Depailler,Patrick,-5
1980,158,Cheever,Eddie,-6
1980,207,Andretti,Mario,-6
1980,224,Fittipaldi,Emerson,-6
1980,219,Jabouille,Jean-Pierre,-8
1981,136,Lammers,Jan,0
1981,160,Ghinzani,Piercarlo,0
1981,178,Jones,Alan,0
1981,198,Villeneuve Sr.,Jacques,0
1981,205,Henton,Brian,0
1981,214,Cogan,Kevin,0
1981,215,Guerra,Miguel Ángel,0
1981,217,Zunino,Ricardo,0
1981,218,Londoño,Ricardo,0
1981,220,Francia,Giorgio,0
1981,118,Warwick,Derek,-1
1981,137,Piquet,Nelson,-1
1981,152,Giacomelli,Bruno,-1
1981,173,de Angelis,Elio,-1
1981,213,Gabbiani,Beppe,-1
1981,216,Stohr,Siegfried,-1
1981,110,de Cesaris,Andrea,-2
1981,163,Arnoux,René,-2
1981,172,Laffite,Jacques,-2
1981,192,Serra,Chico,-2
1981,194,Salazar,Eliseo,-2
1981,197,Jarier,Jean-Pierre,-2
1981,199,Reutemann,Carlos,-2
1981,201,Borgudd,Slim,-2
1981,202,Pironi,Didier,-2
1981,219,Jabouille,Jean-Pierre,-2
1981,175,Tambay,Patrick,-3
1981,176,Surer,Marc,-3
1981,187,Watson,John,-3
1981,203,Villeneuve,Gilles,-3
1981,105,Alboreto,Michele,-4
1981,117,Prost,Alain,-4
1981,158,Cheever,Eddie,-4
1981,206,Daly,Derek,-4
1981,207,Andretti,Mario,-4
1981,212,Rebaque,Hector,-4
1981,95,Mansell,Nigel,-5
1981,177,Rosberg,Keke,-5
1981,119,Patrese,Riccardo,-7
1982,90,Moreno,Roberto,0
1982,175,Tambay,Patrick,0
1982,184,Baldi,Mauro,0
1982,199,Reutemann,Carlos,0
1982,201,Borgudd,Slim,0
1982,202,Pironi,Didier,0
1982,203,Villeneuve,Gilles,0
1982,208,de Villota,Emilio,0
1982,209,Lees,Geoff,0
1982,210,Byrne,Tommy,0
1982,211,Keegan,Rupert,0
1982,136,Lammers,Jan,-1
1982,163,Arnoux,René,-1
1982,177,Rosberg,Keke,-1
1982,192,Serra,Chico,-1
1982,204,Paletti,Riccardo,-1
1982,207,Andretti,Mario,-1
1982,152,Giacomelli,Bruno,-2
1982,172,Laffite,Jacques,-2
1982,173,de Angelis,Elio,-2
1982,176,Surer,Marc,-2
1982,181,Winkelhock,Manfred,-2
1982,194,Salazar,Eliseo,-2
1982,196,Boesel,Raul,-2
1982,197,Jarier,Jean-Pierre,-2
1982,200,Mass,Jochen,-2
1982,206,Daly,Derek,-2
1982,117,Prost,Alain,-3
1982,137,Piquet,Nelson,-3
1982,158,Cheever,Eddie,-3
1982,205,Henton,Brian,-3
1982,95,Mansell,Nigel,-4
1982,105,Alboreto,Michele,-4
1982,118,Warwick,Derek,-4
1982,182,Lauda,Niki,-4
1982,187,Watson,John,-4
1982,195,Guerrero,Roberto,-4
1982,119,Patrese,Riccardo,-5
1982,170,Fabi,Teo,-5
1982,110,de Cesaris,Andrea,-6
1983,117,Prost,Alain,0
1983,156,Palmer,Jonathan,0
1983,168,Schlesser,Jean-Louis,0
1983,178,Jones,Alan,0
1983,186,Acheson,Kenny,0
1983,198,Villeneuve Sr.,Jacques,0
1983,137,Piquet,Nelson,-1
1983,140,Johansson,Stefan,-1
1983,177,Rosberg,Keke,-1
1983,188,Cecotto,Johnny,-1
1983,192,Serra,Chico,-1
1983,194,Salazar,Eliseo,-1
1983,95,Mansell,Nigel,-2
1983,172,Laffite,Jacques,-2
1983,175,Tambay,Patrick,-2
1983,176,Surer,Marc,-2
1983,181,Winkelhock,Manfred,-2
1983,123,Boutsen,Thierry,-3
1983,152,Giacomelli,Bruno,-3
1983,160,Ghinzani,Piercarlo,-3
1983,184,Baldi,Mauro,-3
1983,187,Watson,John,-3
1983,193,Sullivan,Danny,-3
1983,105,Alboreto,Michele,-4
1983,110,de Cesaris,Andrea,-4
1983,118,Warwick,Derek,-4
1983,163,Arnoux,René,-4
1983,196,Boesel,Raul,-4
1983,158,Cheever,Eddie,-5
1983,173,de Angelis,Elio,-5
1983,197,Jarier,Jean-Pierre,-5
1983,119,Patrese,Riccardo,-6
1983,182,Lauda,Niki,-6
1983,190,Fabi,Corrado,-6
1983,195,Guerrero,Roberto,-6
1984,84,Brundle,Martin,0
1984,94,Martini,Pierluigi,0
1984,179,Rothengatter,Huub,0
1984,185,Bellof,Stefan,0
1984,191,Thackwell,Mike,0
1984,77,Berger,Gerhard,-1
1984,140,Johansson,Stefan,-1
1984,166,Streiff,Philippe,-1
1984,190,Fabi,Corrado,-1
1984,117,Prost,Alain,-2
1984,163,Arnoux,René,-2
1984,173,de Angelis,Elio,-2
1984,175,Tambay,Patrick,-2
1984,184,Baldi,Mauro,-2
1984,188,Cecotto,Johnny,-2
1984,189,Gartner,Jo,-2
1984,102,Senna,Ayrton,-3
1984,170,Fabi,Teo,-3
1984,176,Surer,Marc,-3
1984,182,Lauda,Niki,-3
1984,119,Patrese,Riccardo,-4
1984,156,Palmer,Jonathan,-4
1984,177,Rosberg,Keke,-4
1984,181,Winkelhock,Manfred,-4
1984,183,Hesnault,François,-4
1984,110,de Cesaris,Andrea,-5
1984,158,Cheever,Eddie,-5
1984,95,Mansell,Nigel,-6
1984,105,Alboreto,Michele,-6
1984,112,Alliot,Philippe,-6
1984,118,Warwick,Derek,-6
1984,123,Boutsen,Thierry,-6
1984,137,Piquet,Nelson,-6
1984,160,Ghinzani,Piercarlo,-6
1984,172,Laffite,Jacques,-8
1985,122,Capelli,Ivan,0
1985,163,Arnoux,René,0
1985,166,Streiff,Philippe,0
1985,187,Watson,John,0
1985,110,de Cesaris,Andrea,-1
1985,184,Baldi,Mauro,-1
1985,84,Brundle,Martin,-2
1985,117,Prost,Alain,-2
1985,123,Boutsen,Thierry,-2
1985,140,Johansson,Stefan,-2
1985,157,Danner,Christian,-2
1985,173,de Angelis,Elio,-2
1985,178,Jones,Alan,-2
1985,181,Winkelhock,Manfred,-2
1985,185,Bellof,Stefan,-2
1985,186,Acheson,Kenny,-2
1985,77,Berger,Gerhard,-3
1985,137,Piquet,Nelson,-3
1985,172,Laffite,Jacques,-3
1985,176,Surer,Marc,-3
1985,179,Rothengatter,Huub,-3
1985,183,Hesnault,François,-3
1985,95,Mansell,Nigel,-4
1985,102,Senna,Ayrton,-4
1985,105,Alboreto,Michele,-4
1985,112,Alliot,Philippe,-4
1985,175,Tambay,Patrick,-4
1985,94,Martini,Pierluigi,-5
1985,118,Warwick,Derek,-5
1985,119,Patrese,Riccardo,-5
1985,156,Palmer,Jonathan,-5
1985,160,Ghinzani,Piercarlo,-5
1985,177,Rosberg,Keke,-5
1985,158,Cheever,Eddie,-6
1985,170,Fabi,Teo,-7
1985,182,Lauda,Niki,-7
1986,133,Caffi,Alex,0
1986,158,Cheever,Eddie,0
1986,95,Mansell,Nigel,-1
1986,117,Prost,Alain,-1
1986,122,Capelli,Ivan,-1
1986,172,Laffite,Jacques,-1
1986,176,Surer,Marc,-1
1986,105,Alboreto,Michele,-2
1986,137,Piquet,Nelson,-2
1986,180,Berg,Allen,-2
1986,173,de Angelis,Elio,-3
1986,175,Tambay,Patrick,-3
1986,178,Jones,Alan,-3
1986,102,Senna,Ayrton,-4
1986,112,Alliot,Philippe,-4
1986,118,Warwick,Derek,-4
1986,123,Boutsen,Thierry,-4
1986,140,Johansson,Stefan,-4
1986,163,Arnoux,René,-4
1986,77,Berger,Gerhard,-5
1986,84,Brundle,Martin,-5
1986,166,Streiff,Philippe,-5
1986,174,Dumfries,Johnny,-5
1986,119,Patrese,Riccardo,-6
1986,145,Nannini,Alessandro,-6
1986,156,Palmer,Jonathan,-7
1986,157,Danner,Christian,-7
1986,170,Fabi,Teo,-7
1986,177,Rosberg,Keke,-7
1986,179,Rothengatter,Huub,-7
1986,110,de Cesaris,Andrea,-8
1986,160,Ghinzani,Piercarlo,-9
1987,114,Dalmas,Yannick,0
1987,131,Modena,Stefano,0
1987,78,Larini,Nicola,-1
1987,90,Moreno,Roberto,-1
1987,99,Tarquini,Gabriele,-1
1987,102,Senna,Ayrton,-1
1987,156,Palmer,Jonathan,-1
1987,166,Streiff,Philippe,-1
1987,171,Forini,Franco,-1
1987,95,Mansell,Nigel,-2
1987,137,Piquet,Nelson,-2
1987,138,Nakajima,Satoru,-2
1987,169,Fabre,Pascal,-2
1987,160,Ghinzani,Piercarlo,-3
1987,77,Berger,Gerhard,-4
1987,140,Johansson,Stefan,-4
1987,163,Arnoux,René,-4
1987,84,Brundle,Martin,-5
1987,112,Alliot,Philippe,-5
1987,117,Prost,Alain,-5
1987,118,Warwick,Derek,-5
1987,122,Capelli,Ivan,-5
1987,119,Patrese,Riccardo,-6
1987,123,Boutsen,Thierry,-6
1987,157,Danner,Christian,-6
1987,158,Cheever,Eddie,-6
1987,170,Fabi,Teo,-6
1987,145,Nannini,Alessandro,-7
1987,105,Alboreto,Michele,-8
1987,110,de Cesaris,Andrea,-8
1987,133,Caffi,Alex,-8
1987,167,Campos,Adrián,-8
1988,84,Brundle,Martin,0
1988,88,Suzuki,Aguri,0
1988,102,Senna,Ayrton,0
1988,162,Raphanel,Pierre-Henri,0
1988,167,Campos,Adrián,0
1988,168,Schlesser,Jean-Louis,0
1988,77,Berger,Gerhard,-1
1988,117,Prost,Alain,-1
1988,141,Bailey,Julian,-1
1988,99,Tarquini,Gabriele,-2
1988,118,Warwick,Derek,-2
1988,123,Boutsen,Thierry,-2
1988,131,Modena,Stefano,-2
1988,94,Martini,Pierluigi,-3
1988,114,Dalmas,Yannick,-3
1988,137,Piquet,Nelson,-3
1988,138,Nakajima,Satoru,-3
1988,145,Nannini,Alessandro,-4
1988,146,Schneider,Bernd,-4
1988,158,Cheever,Eddie,-4
1988,159,Pérez-Sala,Luis,-4
1988,160,Ghinzani,Piercarlo,-4
1988,165,Larrauri,Oscar,-4
1988,78,Larini,Nicola,-5
1988,105,Alboreto,Michele,-5
1988,122,Capelli,Ivan,-5
1988,127,Gugelmin,Maurício,-5
1988,133,Caffi,Alex,-5
1988,140,Johansson,Stefan,-5
1988,163,Arnoux,René,-5
1988,95,Mansell,Nigel,-6
1988,112,Alliot,Philippe,-6
1988,119,Patrese,Riccardo,-6
1988,156,Palmer,Jonathan,-6
1988,166,Streiff,Philippe,-6
1988,110,de Cesaris,Andrea,-7
1989,65,Herbert,Johnny,0
1989,88,Suzuki,Aguri,0
1989,134,Bertaggia,Enrico,0
1989,148,Foitek,Gregor,0
1989,151,Donnelly,Martin,0
1989,157,Danner,Christian,0
1989,161,Weidler,Volker,0
1989,164,Winkelhock,Joachim,0
1989,165,Larrauri,Oscar,0
1989,103,Bernard,Éric,-1
1989,114,Dalmas,Yannick,-1
1989,117,Prost,Alain,-1
1989,137,Piquet,Nelson,-1
1989,146,Schneider,Bernd,-1
1989,147,Barilla,Paolo,-1
1989,158,Cheever,Eddie,-1
1989,162,Raphanel,Pierre-Henri,-1
1989,163,Arnoux,René,-1
1989,55,Alesi,Jean,-2
1989,92,Gachot,Bertrand,-2
1989,109,Järvilehto,Jyrki,-2
1989,119,Patrese,Riccardo,-2
1989,139,Pirro,Emanuele,-2
1989,156,Palmer,Jonathan,-2
1989,159,Pérez-Sala,Luis,-2
1989,160,Ghinzani,Piercarlo,-2
1989,84,Brundle,Martin,-3
1989,90,Moreno,Roberto,-3
1989,99,Tarquini,Gabriele,-3
1989,102,Senna,Ayrton,-3
1989,118,Warwick,Derek,-3
1989,138,Nakajima,Satoru,-3
1989,123,Boutsen,Thierry,-4
1989,129,Grouillard,Olivier,-4
1989,133,Caffi,Alex,-4
1989,140,Johansson,Stefan,-4
1989,145,Nannini,Alessandro,-4
1989,77,Berger,Gerhard,-5
1989,78,Larini,Nicola,-5
1989,94,Martini,Pierluigi,-5
1989,95,Mansell,Nigel,-5
1989,105,Alboreto,Michele,-5
1989,110,de Cesaris,Andrea,-5
1989,112,Alliot,Philippe,-6
1989,131,Modena,Stefano,-6
1989,127,Gugelmin,Maurício,-7
1989,122,Capelli,Ivan,-10
1990,78,Larini,Nicola,0
1990,90,Moreno,Roberto,0
1990,92,Gachot,Bertrand,0
1990,102,Senna,Ayrton,0
1990,129,Grouillard,Olivier,0
1990,140,Johansson,Stefan,0
1990,146,Schneider,Bernd,0
1990,149,Langes,Claudio,0
1990,150,Brabham,Gary,0
1990,152,Giacomelli,Bruno,0
1990,55,Alesi,Jean,-1
1990,77,Berger,Gerhard,-1
1990,81,Morbidelli,Gianni,-1
1990,114,Dalmas,Yannick,-1
1990,117,Prost,Alain,-1
1990,137,Piquet,Nelson,-1
1990,65,Herbert,Johnny,-2
1990,112,Alliot,Philippe,-2
1990,133,Caffi,Alex,-2
1990,145,Nannini,Alessandro,-2
1990,147,Barilla,Paolo,-2
1990,99,Tarquini,Gabriele,-3
1990,109,Järvilehto,Jyrki,-3
1990,119,Patrese,Riccardo,-3
1990,148,Foitek,Gregor,-3
1990,94,Martini,Pierluigi,-4
1990,105,Alboreto,Michele,-4
1990,139,Pirro,Emanuele,-4
1990,95,Mansell,Nigel,-5
1990,122,Capelli,Ivan,-5
1990,123,Boutsen,Thierry,-5
1990,138,Nakajima,Satoru,-5
1990,101,Brabham,David,-6
1990,127,Gugelmin,Maurício,-6
1990,151,Donnelly,Martin,-6
1990,88,Suzuki,Aguri,-7
1990,110,de Cesaris,Andrea,-7
1990,118,Warwick,Derek,-7
1990,131,Modena,Stefano,-7
1990,103,Bernard,Éric,-8
1991,78,Larini,Nicola,0
1991,91,Wendlinger,Karl,0
1991,102,Senna,Ayrton,0
1991,120,Barbazza,Fabrizio,0
1991,128,van de Poele,Eric,0
1991,133,Caffi,Alex,0
1991,140,Johansson,Stefan,0
1991,141,Bailey,Julian,0
1991,142,Chaves,Pedro,0
1991,143,Bartels,Michael,0
1991,144,Hattori,Naoki,0
1991,70,Zanardi,Alessandro,-1
1991,30,Schumacher,Michael,-2
1991,84,Brundle,Martin,-2
1991,92,Gachot,Bertrand,-2
1991,99,Tarquini,Gabriele,-2
1991,129,Grouillard,Olivier,-2
1991,138,Nakajima,Satoru,-2
1991,65,Herbert,Johnny,-3
1991,90,Moreno,Roberto,-3
1991,117,Prost,Alain,-3
1991,119,Patrese,Riccardo,-3
1991,137,Piquet,Nelson,-3
1991,139,Pirro,Emanuele,-3
1991,57,Häkkinen,Mika,-4
1991,77,Berger,Gerhard,-4
1991,81,Morbidelli,Gianni,-4
1991,94,Martini,Pierluigi,-4
1991,95,Mansell,Nigel,-4
1991,100,Comas,Érik,-4
1991,110,de Cesaris,Andrea,-4
1991,123,Boutsen,Thierry,-4
1991,87,Blundell,Mark,-5
1991,55,Alesi,Jean,-6
1991,105,Alboreto,Michele,-6
1991,127,Gugelmin,Maurício,-6
1991,131,Modena,Stefano,-6
1991,88,Suzuki,Aguri,-7
1991,122,Capelli,Ivan,-7
1991,103,Bernard,Éric,-9
1991,109,Järvilehto,Jyrki,-9
1992,71,Hill,Damon,0
1992,78,Larini,Nicola,0
1992,108,Belmondo,Paul,0
1992,130,Chiesa,Andrea,0
1992,132,Amati,Giovanna,0
1992,135,McCarthy,Perry,0
1992,30,Schumacher,Michael,-1
1992,70,Zanardi,Alessandro,-1
1992,90,Moreno,Roberto,-1
1992,128,van de Poele,Eric,-1
1992,136,Lammers,Jan,-1
1992,88,Suzuki,Aguri,-2
1992,95,Mansell,Nigel,-2
1992,104,Fittipaldi,Christian,-2
1992,105,Alboreto,Michele,-2
1992,125,Naspetti,Emanuele,-2
1992,84,Brundle,Martin,-3
1992,94,Martini,Pierluigi,-3
1992,119,Patrese,Riccardo,-3
1992,123,Boutsen,Thierry,-3
1992,55,Alesi,Jean,-4
1992,92,Gachot,Bertrand,-4
1992,100,Comas,Érik,-4
1992,109,Järvilehto,Jyrki,-4
1992,57,Häkkinen,Mika,-5
1992,77,Berger,Gerhard,-5
1992,79,Katayama,Ukyo,-5
1992,81,Morbidelli,Gianni,-5
1992,102,Senna,Ayrton,-5
1992,91,Wendlinger,Karl,-6
1992,110,de Cesaris,Andrea,-6
1992,122,Capelli,Ivan,-6
1992,131,Modena,Stefano,-6
1992,65,Herbert,Johnny,-7
1992,127,Gugelmin,Maurício,-7
1992,129,Grouillard,Olivier,-7
1992,99,Tarquini,Gabriele,-9
1993,56,Irvine,Eddie,0
1993,87,Blundell,Mark,0
1993,111,Gounon,Jean-Marc,0
1993,121,Andretti,Michael,0
1993,122,Capelli,Ivan,0
1993,124,Apicella,Marco,0
1993,126,Suzuki,Toshio,0
1993,57,Häkkinen,Mika,-1
1993,83,Lamy,Pedro,-1
1993,84,Brundle,Martin,-1
1993,94,Martini,Pierluigi,-1
1993,117,Prost,Alain,-1
1993,125,Naspetti,Emanuele,-1
1993,104,Fittipaldi,Christian,-2
1993,112,Alliot,Philippe,-2
1993,118,Warwick,Derek,-2
1993,119,Patrese,Riccardo,-2
1993,120,Barbazza,Fabrizio,-2
1993,22,Barrichello,Rubens,-3
1993,30,Schumacher,Michael,-3
1993,71,Hill,Damon,-3
1993,88,Suzuki,Aguri,-3
1993,102,Senna,Ayrton,-3
1993,123,Boutsen,Thierry,-3
1993,65,Herbert,Johnny,-4
1993,70,Zanardi,Alessandro,-4
1993,69,Badoer,Luca,-5
1993,105,Alboreto,Michele,-5
1993,109,Järvilehto,Jyrki,-5
1993,77,Berger,Gerhard,-6
1993,79,Katayama,Ukyo,-6
1993,110,de Cesaris,Andrea,-6
1993,91,Wendlinger,Karl,-7
1993,100,Comas,Érik,-7
1993,55,Alesi,Jean,-8
1994,44,Panis,Olivier,0
1994,50,Verstappen,Jos,0
1994,78,Larini,Nicola,0
1994,83,Lamy,Pedro,0
1994,85,Montermini,Andrea,0
1994,88,Suzuki,Aguri,0
1994,89,Inoue,Taki,0
1994,91,Wendlinger,Karl,0
1994,94,Martini,Pierluigi,0
1994,102,Senna,Ayrton,0
1994,107,Ratzenberger,Roland,0
1994,108,Belmondo,Paul,0
1994,113,Adams,Philippe,0
1994,114,Dalmas,Yannick,0
1994,116,Lagorce,Franck,0
1994,30,Schumacher,Michael,-1
1994,63,Salo,Mika,-1
1994,71,Hill,Damon,-1
1994,93,Schiattarella,Domenico,-1
1994,95,Mansell,Nigel,-1
1994,98,Délétraz,Jean-Denis,-1
1994,103,Bernard,Éric,-1
1994,112,Alliot,Philippe,-1
1994,115,Noda,Hideki,-1
1994,14,Coulthard,David,-2
1994,22,Barrichello,Rubens,-2
1994,70,Zanardi,Alessandro,-2
1994,109,Järvilehto,Jyrki,-2
1994,111,Gounon,Jean-Marc,-2
1994,49,Frentzen,Heinz-Harald,-3
1994,56,Irvine,Eddie,-3
1994,65,Herbert,Johnny,-3
1994,92,Gachot,Bertrand,-3
1994,110,de Cesaris,Andrea,-3
1994,55,Alesi,Jean,-4
1994,87,Blundell,Mark,-4
1994,79,Katayama,Ukyo,-5
1994,81,Morbidelli,Gianni,-5
1994,100,Comas,Érik,-5
1994,106,Beretta,Olivier,-5
1994,57,Häkkinen,Mika,-6
1994,101,Brabham,David,-6
1994,104,Fittipaldi,Christian,-6
1994,105,Alboreto,Michele,-6
1994,77,Berger,Gerhard,-7
1994,84,Brundle,Martin,-8
1995,44,Panis,Olivier,0
1995,76,Magnussen,Jan,0
1995,88,Suzuki,Aguri,0
1995,95,Mansell,Nigel,0
1995,98,Délétraz,Jean-Denis,0
1995,99,Tarquini,Gabriele,0
1995,30,Schumacher,Michael,-1
1995,65,Herbert,Johnny,-1
1995,84,Brundle,Martin,-1
1995,91,Wendlinger,Karl,-1
1995,93,Schiattarella,Domenico,-1
1995,96,Boullion,Jean-Christophe,-1
1995,71,Hill,Damon,-2
1995,83,Lamy,Pedro,-2
1995,86,Lavaggi,Giovanni,-2
1995,87,Blundell,Mark,-2
1995,63,Salo,Mika,-3
1995,79,Katayama,Ukyo,-3
1995,81,Morbidelli,Gianni,-3
1995,94,Martini,Pierluigi,-3
1995,97,Papis,Massimiliano,-3
1995,14,Coulthard,David,-4
1995,49,Frentzen,Heinz-Harald,-4
1995,50,Verstappen,Jos,-4
1995,69,Badoer,Luca,-4
1995,55,Alesi,Jean,-5
1995,57,Häkkinen,Mika,-5
1995,64,Diniz,Pedro,-5
1995,77,Berger,Gerhard,-5
1995,85,Montermini,Andrea,-5
1995,90,Moreno,Roberto,-5
1995,92,Gachot,Bertrand,-5
1995,22,Barrichello,Rubens,-6
1995,56,Irvine,Eddie,-6
1995,89,Inoue,Taki,-7
1996,58,Marques,Tarso,0
1996,35,Villeneuve,Jacques,-1
1996,69,Badoer,Luca,-1
1996,71,Hill,Damon,-1
1996,84,Brundle,Martin,-1
1996,86,Lavaggi,Giovanni,-1
1996,14,Coulthard,David,-2
1996,21,Fisichella,Giancarlo,-2
1996,44,Panis,Olivier,-2
1996,55,Alesi,Jean,-2
1996,57,Häkkinen,Mika,-2
1996,73,Rosset,Ricardo,-2
1996,85,Montermini,Andrea,-2
1996,22,Barrichello,Rubens,-3
1996,30,Schumacher,Michael,-3
1996,63,Salo,Mika,-4
1996,65,Herbert,Johnny,-4
1996,83,Lamy,Pedro,-4
1996,49,Frentzen,Heinz-Harald,-5
1996,79,Katayama,Ukyo,-5
1996,50,Verstappen,Jos,-6
1996,56,Irvine,Eddie,-6
1996,64,Diniz,Pedro,-6
1996,77,Berger,Gerhard,-6
1997,21,Fisichella,Giancarlo,0
1997,55,Alesi,Jean,0
1997,73,Rosset,Ricardo,0
1997,77,Berger,Gerhard,0
1997,78,Larini,Nicola,0
1997,80,Sospiri,Vincenzo,0
1997,82,Fontana,Norberto,0
1997,25,Wurz,Alexander,-1
1997,30,Schumacher,Michael,-1
1997,35,Villeneuve,Jacques,-1
1997,56,Irvine,Eddie,-1
1997,81,Morbidelli,Gianni,-1
1997,44,Panis,Olivier,-2
1997,49,Frentzen,Heinz-Harald,-2
1997,65,Herbert,Johnny,-2
1997,15,Trulli,Jarno,-3
1997,79,Katayama,Ukyo,-3
1997,23,Schumacher,Ralf,-4
1997,58,Marques,Tarso,-4
1997,14,Coulthard,David,-5
1997,50,Verstappen,Jos,-5
1997,71,Hill,Damon,-5
1997,57,Häkkinen,Mika,-6
1997,75,Nakano,Shinji,-6
1997,64,Diniz,Pedro,-7
1997,76,Magnussen,Jan,-7
1997,63,Salo,Mika,-8
1997,22,Barrichello,Rubens,-12
1998,21,Fisichella,Giancarlo,0
1998,35,Villeneuve,Jacques,0
1998,30,Schumacher,Michael,-1
1998,56,Irvine,Eddie,-1
1998,14,Coulthard,David,-2
1998,49,Frentzen,Heinz-Harald,-2
1998,57,Häkkinen,Mika,-2
1998,65,Herbert,Johnny,-2
1998,25,Wurz,Alexander,-3
1998,44,Panis,Olivier,-3
1998,55,Alesi,Jean,-3
1998,76,Magnussen,Jan,-3
1998,15,Trulli,Jarno,-4
1998,68,Takagi,Toranosuke,-4
1998,71,Hill,Damon,-4
1998,75,Nakano,Shinji,-4
1998,23,Schumacher,Ralf,-5
1998,73,Rosset,Ricardo,-5
1998,50,Verstappen,Jos,-6
1998,63,Salo,Mika,-6
1998,64,Diniz,Pedro,-6
1998,74,Tuero,Esteban,-6
1998,22,Barrichello,Rubens,-7
1999,23,Schumacher,Ralf,0
1999,57,Häkkinen,Mika,0
1999,72,Sarrazin,Stéphane,0
1999,30,Schumacher,Michael,-1
1999,56,Irvine,Eddie,-1
1999,48,Gené,Marc,-2
1999,49,Frentzen,Heinz-Harald,-2
1999,63,Salo,Mika,-2
1999,22,Barrichello,Rubens,-3
1999,25,Wurz,Alexander,-3
1999,71,Hill,Damon,-3
1999,44,Panis,Olivier,-4
1999,64,Diniz,Pedro,-4
1999,15,Trulli,Jarno,-5
1999,21,Fisichella,Giancarlo,-5
1999,55,Alesi,Jean,-5
1999,70,Zanardi,Alessandro,-5
1999,14,Coulthard,David,-6
1999,35,Villeneuve,Jacques,-6
1999,41,Zonta,Ricardo,-6
1999,69,Badoer,Luca,-6
1999,37,de la Rosa,Pedro,-7
1999,65,Herbert,Johnny,-8
1999,68,Takagi,Toranosuke,-9
2000,54,Burti,Luciano,0
2000,56,Irvine,Eddie,0
2000,14,Coulthard,David,-1
2000,63,Salo,Mika,-1
2000,25,Wurz,Alexander,-2
2000,30,Schumacher,Michael,-2
2000,41,Zonta,Ricardo,-2
2000,64,Diniz,Pedro,-2
2000,15,Trulli,Jarno,-3
2000,21,Fisichella,Giancarlo,-3
2000,22,Barrichello,Rubens,-3
2000,23,Schumacher,Ralf,-3
2000,57,Häkkinen,Mika,-3
2000,35,Villeneuve,Jacques,-4
2000,48,Gené,Marc,-4
2000,60,Mazzacane,Gastón,-4
2000,37,de la Rosa,Pedro,-5
2000,2,Heidfeld,Nick,-7
2000,18,Button,Jenson,-7
2000,49,Frentzen,Heinz-Harald,-7
2000,50,Verstappen,Jos,-7
2000,65,Herbert,Johnny,-7
2000,55,Alesi,Jean,-9
2001,41,Zonta,Ricardo,0
2001,55,Alesi,Jean,0
2001,2,Heidfeld,Nick,-1
2001,61,Enge,Tomáš,-1
2001,62,Yoong,Alex,-1
2001,22,Barrichello,Rubens,-2
2001,30,Schumacher,Michael,-2
2001,37,de la Rosa,Pedro,-2
2001,8,Räikkönen,Kimi,-3
2001,35,Villeneuve,Jacques,-3
2001,44,Panis,Olivier,-3
2001,49,Frentzen,Heinz-Harald,-3
2001,54,Burti,Luciano,-3
2001,60,Mazzacane,Gastón,-3
2001,14,Coulthard,David,-4
2001,18,Button,Jenson,-4
2001,23,Schumacher,Ralf,-4
2001,50,Verstappen,Jos,-4
2001,56,Irvine,Eddie,-5
2001,21,Fisichella,Giancarlo,-6
2001,57,Häkkinen,Mika,-6
2001,58,Marques,Tarso,-6
2001,59,Bernoldi,Enrique,-6
2001,15,Trulli,Jarno,-7
2001,31,Pablo Montoya,Juan,-7
2001,4,Alonso,Fernando,-9
2002,19,Davidson,Anthony,0
2002,30,Schumacher,Michael,0
2002,2,Heidfeld,Nick,-1
2002,13,Massa,Felipe,-2
2002,14,Coulthard,David,-2
2002,31,Pablo Montoya,Juan,-2
2002,11,Sato,Takuma,-3
2002,22,Barrichello,Rubens,-3
2002,49,Frentzen,Heinz-Harald,-3
2002,18,Button,Jenson,-4
2002,23,Schumacher,Ralf,-4
2002,62,Yoong,Alex,-4
2002,17,Webber,Mark,-5
2002,44,Panis,Olivier,-5
2002,59,Bernoldi,Enrique,-5
2002,63,Salo,Mika,-5
2002,66,McNish,Allan,-5
2002,8,Räikkönen,Kimi,-6
2002,15,Trulli,Jarno,-6
2002,21,Fisichella,Giancarlo,-6
2002,35,Villeneuve,Jacques,-6
2002,37,de la Rosa,Pedro,-6
2002,56,Irvine,Eddie,-8
2003,11,Sato,Takuma,0
2003,23,Schumacher,Ralf,0
2003,30,Schumacher,Michael,0
2003,48,Gené,Marc,0
2003,53,Kiesa,Nicolas,0
2003,8,Räikkönen,Kimi,-1
2003,22,Barrichello,Rubens,-1
2003,43,da Matta,Cristiano,-1
2003,47,Baumgartner,Zsolt,-1
2003,31,Pablo Montoya,Juan,-2
2003,52,Firman,Ralph,-2
2003,15,Trulli,Jarno,-3
2003,18,Button,Jenson,-3
2003,42,Pizzonia,Antônio,-3
2003,49,Frentzen,Heinz-Harald,-3
2003,50,Verstappen,Jos,-3
2003,2,Heidfeld,Nick,-4
2003,14,Coulthard,David,-4
2003,17,Webber,Mark,-4
2003,51,Wilson,Justin,-4
2003,4,Alonso,Fernando,-5
2003,44,Panis,Olivier,-6
2003,21,Fisichella,Giancarlo,-8
2003,35,Villeneuve,Jacques,-8
2004,10,Glock,Timo,0
2004,21,Fisichella,Giancarlo,0
2004,22,Barrichello,Rubens,0
2004,30,Schumacher,Michael,0
2004,32,Klien,Christian,0
2004,35,Villeneuve,Jacques,0
2004,48,Gené,Marc,0
2004,14,Coulthard,David,-1
2004,31,Pablo Montoya,Juan,-1
2004,42,Pizzonia,Antônio,-1
2004,43,da Matta,Cristiano,-1
2004,44,Panis,Olivier,-1
2004,4,Alonso,Fernando,-2
2004,13,Massa,Felipe,-2
2004,15,Trulli,Jarno,-2
2004,18,Button,Jenson,-2
2004,23,Schumacher,Ralf,-2
2004,41,Zonta,Ricardo,-2
2004,45,Pantano,Giorgio,-3
2004,46,Bruni,Gianmaria,-3
2004,47,Baumgartner,Zsolt,-3
2004,11,Sato,Takuma,-5
2004,17,Webber,Mark,-5
2004,2,Heidfeld,Nick,-6
2004,8,Räikkönen,Kimi,-6
2005,17,Webber,Mark,0
2005,23,Schumacher,Ralf,0
2005,24,Liuzzi,Vitantonio,0
2005,25,Wurz,Alexander,0
2005,33,Monteiro,Tiago,0
2005,37,de la Rosa,Pedro,0
2005,41,Zonta,Ricardo,0
2005,42,Pizzonia,Antônio,0
2005,4,Alonso,Fernando,-1
2005,14,Coulthard,David,-1
2005,15,Trulli,Jarno,-1
2005,19,Davidson,Anthony,-1
2005,22,Barrichello,Rubens,-1
2005,30,Schumacher,Michael,-1
2005,2,Heidfeld,Nick,-2
2005,8,Räikkönen,Kimi,-2
2005,13,Massa,Felipe,-2
2005,18,Button,Jenson,-2
2005,21,Fisichella,Giancarlo,-2
2005,32,Klien,Christian,-2
2005,38,Doornbos,Robert,-2
2005,40,Friesacher,Patrick,-2
2005,11,Sato,Takuma,-3
2005,27,Albers,Christijan,-3
2005,31,Pablo Montoya,Juan,-3
2005,35,Villeneuve,Jacques,-3
2005,39,Karthikeyan,Narain,-4
2006,8,Räikkönen,Kimi,0
2006,9,Kubica,Robert,0
2006,13,Massa,Felipe,0
2006,38,Doornbos,Robert,0
2006,18,Button,Jenson,-1
2006,21,Fisichella,Giancarlo,-1
2006,24,Liuzzi,Vitantonio,-1
2006,30,Schumacher,Michael,-1
2006,33,Monteiro,Tiago,-1
2006,34,Ide,Yuji,-1
2006,37,de la Rosa,Pedro,-1
2006,2,Heidfeld,Nick,-2
2006,4,Alonso,Fernando,-2
2006,22,Barrichello,Rubens,-2
2006,26,Speed,Scott,-2
2006,31,Pablo Montoya,Juan,-2
2006,35,Villeneuve,Jacques,-2
2006,3,Rosberg,Nico,-3
2006,17,Webber,Mark,-3
2006,23,Schumacher,Ralf,-3
2006,27,Albers,Christijan,-3
2006,29,Yamamoto,Sakon,-3
2006,36,Montagny,Franck,-3
2006,11,Sato,Takuma,-4
2006,15,Trulli,Jarno,-4
2006,32,Klien,Christian,-4
2006,14,Coulthard,David,-5
2007,1,Hamilton,Lewis,0
2007,4,Alonso,Fernando,0
2007,6,Nakajima,Kazuki,0
2007,29,Yamamoto,Sakon,0
2007,5,Kovalainen,Heikki,-1
2007,11,Sato,Takuma,-1
2007,13,Massa,Felipe,-1
2007,15,Trulli,Jarno,-1
2007,20,Vettel,Sebastian,-1
2007,21,Fisichella,Giancarlo,-1
2007,22,Barrichello,Rubens,-1
2007,23,Schumacher,Ralf,-1
2007,25,Wurz,Alexander,-1
2007,26,Speed,Scott,-1
2007,28,Winkelhock,Markus,-1
2007,2,Heidfeld,Nick,-2
2007,3,Rosberg,Nico,-2
2007,8,Räikkönen,Kimi,-2
2007,9,Kubica,Robert,-2
2007,19,Davidson,Anthony,-2
2007,27,Albers,Christijan,-2
2007,16,Sutil,Adrian,-3
2007,14,Coulthard,David,-4
2007,18,Button,Jenson,-4
2007,24,Liuzzi,Vitantonio,-4
2007,17,Webber,Mark,-6
2008,1,Hamilton,Lewis,0
2008,2,Heidfeld,Nick,0
2008,6,Nakajima,Kazuki,0
2008,9,Kubica,Robert,0
2008,14,Coulthard,David,0
2008,18,Button,Jenson,0
2008,19,Davidson,Anthony,0
2008,3,Rosberg,Nico,-1
2008,4,Alonso,Fernando,-1
2008,10,Glock,Timo,-1
2008,11,Sato,Takuma,-1
2008,22,Barrichello,Rubens,-1
2008,7,Bourdais,Sébastien,-2
2008,8,Räikkönen,Kimi,-2
2008,13,Massa,Felipe,-2
2008,15,Trulli,Jarno,-2
2008,17,Webber,Mark,-2
2008,21,Fisichella,Giancarlo,-2
2008,5,Kovalainen,Heikki,-3
2008,12,Piquet Jr.,Nelson,-3
2008,20,Vettel,Sebastian,-3
2008,16,Sutil,Adrian,-5
2009,2,Heidfeld,Nick,0
2009,4,Alonso,Fernando,0
2009,10,Glock,Timo,0
2009,12,Piquet Jr.,Nelson,0
2009,18,Button,Jenson,0
2009,69,Badoer,Luca,0
2009,155,Kobayashi,Kamui,0
2009,1,Hamilton,Lewis,-1
2009,3,Rosberg,Nico,-1
2009,5,Kovalainen,Heikki,-1
2009,6,Nakajima,Kazuki,-1
2009,7,Bourdais,Sébastien,-1
2009,13,Massa,Felipe,-1
2009,15,Trulli,Jarno,-1
2009,16,Sutil,Adrian,-1
2009,17,Webber,Mark,-1
2009,21,Fisichella,Giancarlo,-1
2009,22,Barrichello,Rubens,-1
2009,24,Liuzzi,Vitantonio,-1
2009,154,Grosjean,Romain,-1
2009,8,Räikkönen,Kimi,-2
2009,9,Kubica,Robert,-2
2009,20,Vettel,Sebastian,-2
2009,153,Alguersuari,Jaime,-2
2009,67,Buemi,Sébastien,-3
2010,2,Heidfeld,Nick,0
2010,13,Massa,Felipe,0
2010,17,Webber,Mark,0
2010,30,Schumacher,Michael,0
2010,807,Hülkenberg,Nico,0
2010,1,Hamilton,Lewis,-1
2010,3,Rosberg,Nico,-1
2010,4,Alonso,Fernando,-1
2010,9,Kubica,Robert,-1
2010,16,Sutil,Adrian,-1
2010,18,Button,Jenson,-1
2010,20,Vettel,Sebastian,-1
2010,22,Barrichello,Rubens,-1
2010,24,Liuzzi,Vitantonio,-1
2010,29,Yamamoto,Sakon,-1
2010,32,Klien,Christian,-1
2010,812,Chandhok,Karun,-1
2010,67,Buemi,Sébastien,-2
2010,153,Alguersuari,Jaime,-2
2010,5,Kovalainen,Heikki,-3
2010,808,Petrov,Vitaly,-3
2010,37,de la Rosa,Pedro,-4
2010,155,Kobayashi,Kamui,-4
2010,10,Glock,Timo,-5
2010,811,Senna,Bruno,-5
2010,810,di Grassi,Lucas,-6
2010,15,Trulli,Jarno,-9
2011,2,Heidfeld,Nick,0
2011,3,Rosberg,Nico,0
2011,4,Alonso,Fernando,0
2011,17,Webber,Mark,0
2011,20,Vettel,Sebastian,0
2011,37,de la Rosa,Pedro,0
2011,39,Karthikeyan,Narain,0
2011,153,Alguersuari,Jaime,0
2011,808,Petrov,Vitaly,0
2011,811,Senna,Bruno,0
2011,812,Chandhok,Karun,0
2011,814,di Resta,Paul,0
2011,1,Hamilton,Lewis,-1
2011,16,Sutil,Adrian,-1
2011,18,Button,Jenson,-1
2011,817,Ricciardo,Daniel,-1
2011,5,Kovalainen,Heikki,-2
2011,10,Glock,Timo,-2
2011,13,Massa,Felipe,-2
2011,15,Trulli,Jarno,-2
2011,22,Barrichello,Rubens,-2
2011,24,Liuzzi,Vitantonio,-2
2011,30,Schumacher,Michael,-2
2011,67,Buemi,Sébastien,-2
2011,155,Kobayashi,Kamui,-2
2011,815,Pérez,Sergio,-2
2011,816,d'Ambrosio,Jérôme,-2
2011,813,Maldonado,Pastor,-4
2012,3,Rosberg,Nico,0
2012,4,Alonso,Fernando,0
2012,8,Räikkönen,Kimi,0
2012,13,Massa,Felipe,0
2012,17,Webber,Mark,0
2012,154,Grosjean,Romain,0
2012,155,Kobayashi,Kamui,0
2012,811,Senna,Bruno,0
2012,814,di Resta,Paul,0
2012,815,Pérez,Sergio,0
2012,816,d'Ambrosio,Jérôme,0
2012,817,Ricciardo,Daniel,0
2012,5,Kovalainen,Heikki,-1
2012,10,Glock,Timo,-1
2012,18,Button,Jenson,-1
2012,20,Vettel,Sebastian,-1
2012,37,de la Rosa,Pedro,-1
2012,807,Hülkenberg,Nico,-1
2012,1,Hamilton,Lewis,-2
2012,30,Schumacher,Michael,-2
2012,39,Karthikeyan,Narain,-2
2012,808,Petrov,Vitaly,-2
2012,813,Maldonado,Pastor,-2
2012,818,Vergne,Jean-Éric,-2
2012,819,Pic,Charles,-2
2013,1,Hamilton,Lewis,0
2013,4,Alonso,Fernando,0
2013,5,Kovalainen,Heikki,0
2013,13,Massa,Felipe,0
2013,18,Button,Jenson,0
2013,807,Hülkenberg,Nico,0
2013,813,Maldonado,Pastor,0
2013,820,Chilton,Max,0
2013,823,van der Garde,Giedo,0
2013,8,Räikkönen,Kimi,-1
2013,16,Sutil,Adrian,-1
2013,17,Webber,Mark,-1
2013,20,Vettel,Sebastian,-1
2013,814,di Resta,Paul,-1
2013,815,Pérez,Sergio,-1
2013,817,Ricciardo,Daniel,-1
2013,821,Gutiérrez,Esteban,-1
2013,822,Bottas,Valtteri,-1
2013,154,Grosjean,Romain,-2
2013,818,Vergne,Jean-Éric,-2
2013,819,Pic,Charles,-2
2013,824,Bianchi,Jules,-2
2013,3,Rosberg,Nico,-3
2014,8,Räikkönen,Kimi,0
2014,13,Massa,Felipe,0
2014,815,Pérez,Sergio,0
2014,827,Lotterer,André,0
2014,829,Stevens,Will,0
2014,4,Alonso,Fernando,-1
2014,18,Button,Jenson,-1
2014,154,Grosjean,Romain,-1
2014,807,Hülkenberg,Nico,-1
2014,813,Maldonado,Pastor,-1
2014,817,Ricciardo,Daniel,-1
2014,820,Chilton,Max,-1
2014,822,Bottas,Valtteri,-1
2014,825,Magnussen,Kevin,-1
2014,826,Kvyat,Daniil,-1
2014,1,Hamilton,Lewis,-2
2014,3,Rosberg,Nico,-2
2014,20,Vettel,Sebastian,-2
2014,818,Vergne,Jean-Éric,-2
2014,821,Gutiérrez,Esteban,-2
2014,824,Bianchi,Jules,-2
2014,828,Ericsson,Marcus,-2
2014,155,Kobayashi,Kamui,-3
2014,16,Sutil,Adrian,-4
2015,1,Hamilton,Lewis,0
2015,3,Rosberg,Nico,0
2015,8,Räikkönen,Kimi,0
2015,20,Vettel,Sebastian,0
2015,822,Bottas,Valtteri,0
2015,825,Magnussen,Kevin,0
2015,826,Kvyat,Daniil,0
2015,828,Ericsson,Marcus,0
2015,829,Stevens,Will,0
2015,833,Merhi,Roberto,0
2015,834,Rossi,Alexander,0
2015,13,Massa,Felipe,-1
2015,18,Button,Jenson,-1
2015,154,Grosjean,Romain,-1
2015,807,Hülkenberg,Nico,-1
2015,815,Pérez,Sergio,-1
2015,817,Ricciardo,Daniel,-2
2015,831,Nasr,Felipe,-2
2015,813,Maldonado,Pastor,-3
2015,830,Verstappen,Max,-3
2015,4,Alonso,Fernando,-4
2015,832,Sainz,Carlos,-4
2016,3,Rosberg,Nico,0
2016,817,Ricciardo,Daniel,0
2016,837,Haryanto,Rio,0
2016,838,Vandoorne,Stoffel,0
2016,839,Ocon,Esteban,0
2016,1,Hamilton,Lewis,-1
2016,8,Räikkönen,Kimi,-1
2016,20,Vettel,Sebastian,-1
2016,815,Pérez,Sergio,-1
2016,821,Gutiérrez,Esteban,-1
2016,830,Verstappen,Max,-1
2016,831,Nasr,Felipe,-1
2016,832,Sainz,Carlos,-1
2016,836,Wehrlein,Pascal,-1
2016,4,Alonso,Fernando,-2
2016,13,Massa,Felipe,-2
2016,18,Button,Jenson,-2
2016,154,Grosjean,Romain,-2
2016,807,Hülkenberg,Nico,-2
2016,822,Bottas,Valtteri,-2
2016,825,Magnussen,Kevin,-2
2016,826,Kvyat,Daniil,-2
2016,828,Ericsson,Marcus,-2
2016,835,Palmer,Jolyon,-2
2017,1,Hamilton,Lewis,0
2017,18,Button,Jenson,0
2017,20,Vettel,Sebastian,0
2017,154,Grosjean,Romain,0
2017,814,di Resta,Paul,0
2017,822,Bottas,Valtteri,0
2017,836,Wehrlein,Pascal,0
2017,839,Ocon,Esteban,0
2017,841,Giovinazzi,Antonio,0
2017,842,Gasly,Pierre,0
2017,8,Räikkönen,Kimi,-1
2017,13,Massa,Felipe,-1
2017,815,Pérez,Sergio,-1
2017,826,Kvyat,Daniil,-1
2017,838,Vandoorne,Stoffel,-2
2017,840,Stroll,Lance,-2
2017,843,Hartley,Brendon,-2
2017,832,Sainz,Carlos,-3
2017,835,Palmer,Jolyon,-3
2017,4,Alonso,Fernando,-4
2017,817,Ricciardo,Daniel,-4
2017,825,Magnussen,Kevin,-4
2017,828,Ericsson,Marcus,-4
2017,830,Verstappen,Max,-4
2017,807,Hülkenberg,Nico,-5
2018,20,Vettel,Sebastian,0
2018,154,Grosjean,Romain,0
2018,825,Magnussen,Kevin,0
2018,828,Ericsson,Marcus,0
2018,1,Hamilton,Lewis,-1
2018,8,Räikkönen,Kimi,-1
2018,822,Bottas,Valtteri,-1
2018,830,Verstappen,Max,-1
2018,832,Sainz,Carlos,-1
2018,839,Ocon,Esteban,-1
2018,840,Stroll,Lance,-1
2018,844,Leclerc,Charles,-1
2018,815,Pérez,Sergio,-2
2018,838,Vandoorne,Stoffel,-2
2018,845,Sirotkin,Sergey,-2
2018,4,Alonso,Fernando,-3
2018,807,Hülkenberg,Nico,-3
2018,842,Gasly,Pierre,-3
2018,843,Hartley,Brendon,-3
2018,817,Ricciardo,Daniel,-4
2019,1,Hamilton,Lewis,0
2019,817,Ricciardo,Daniel,0
2019,822,Bottas,Valtteri,0
2019,841,Giovinazzi,Antonio,0
2019,844,Leclerc,Charles,0
2019,848,Albon,Alexander,0
2019,8,Räikkönen,Kimi,-1
2019,9,Kubica,Robert,-1
2019,20,Vettel,Sebastian,-1
2019,807,Hülkenberg,Nico,-1
2019,815,Pérez,Sergio,-1
2019,826,Kvyat,Daniil,-1
2019,830,Verstappen,Max,-1
2019,832,Sainz,Carlos,-1
2019,847,Russell,George,-1
2019,154,Grosjean,Romain,-2
2019,825,Magnussen,Kevin,-2
2019,840,Stroll,Lance,-2
2019,842,Gasly,Pierre,-2
2019,846,Norris,Lando,-2
2020,1,Hamilton,Lewis,0
2020,8,Räikkönen,Kimi,0
2020,807,Hülkenberg,Nico,0
2020,822,Bottas,Valtteri,0
2020,830,Verstappen,Max,0
2020,832,Sainz,Carlos,0
2020,844,Leclerc,Charles,0
2020,846,Norris,Lando,0
2020,848,Albon,Alexander,0
2020,850,Fittipaldi,Pietro,0
2020,851,Aitken,Jack,0
2020,20,Vettel,Sebastian,-1
2020,154,Grosjean,Romain,-1
2020,817,Ricciardo,Daniel,-1
2020,825,Magnussen,Kevin,-1
2020,826,Kvyat,Daniil,-1
2020,840,Stroll,Lance,-1
2020,841,Giovinazzi,Antonio,-1
2020,847,Russell,George,-1
2020,849,Latifi,Nicholas,-1
2020,815,Pérez,Sergio,-2
2020,842,Gasly,Pierre,-2
2020,839,Ocon,Esteban,-4
2021,1,Hamilton,Lewis,0
2021,9,Kubica,Robert,0
2021,817,Ricciardo,Daniel,0
2021,822,Bottas,Valtteri,0
2021,830,Verstappen,Max,0
2021,832,Sainz,Carlos,0
2021,839,Ocon,Esteban,0
2021,840,Stroll,Lance,0
2021,846,Norris,Lando,0
2021,849,Latifi,Nicholas,0
2021,854,Schumacher,Mick,0
2021,4,Alonso,Fernando,-1
2021,8,Räikkönen,Kimi,-1
2021,20,Vettel,Sebastian,-1
2021,815,Pérez,Sergio,-1
2021,841,Giovinazzi,Antonio,-1
2021,844,Leclerc,Charles,-1
2021,853,Mazepin,Nikita,-1
2021,842,Gasly,Pierre,-2
2021,852,Tsunoda,Yuki,-2
2021,847,Russell,George,-4
2022,807,Hülkenberg,Nico,0
2022,844,Leclerc,Charles,0
2022,847,Russell,George,0
2022,849,Latifi,Nicholas,0
2022,852,Tsunoda,Yuki,0
2022,856,de Vries,Nyck,0
2022,1,Hamilton,Lewis,-1
2022,20,Vettel,Sebastian,-1
2022,817,Ricciardo,Daniel,-1
2022,825,Magnussen,Kevin,-1
2022,830,Verstappen,Max,-1
2022,832,Sainz,Carlos,-1
2022,839,Ocon,Esteban,-1
2022,840,Stroll,Lance,-1
2022,842,Gasly,Pierre,-1
2022,846,Norris,Lando,-1
2022,848,Albon,Alexander,-1
2022,854,Schumacher,Mick,-1
2022,855,Zhou,Guanyu,-1
2022,815,Pérez,Sergio,-2
2022,822,Bottas,Valtteri,-2
2022,4,Alonso,Fernando,-3
2023,1,Hamilton,Lewis,0
2023,4,Alonso,Fernando,0
2023,815,Pérez,Sergio,0
2023,817,Ricciardo,Daniel,0
2023,830,Verstappen,Max,0
2023,832,Sainz,Carlos,0
2023,842,Gasly,Pierre,0
2023,846,Norris,Lando,0
2023,856,de Vries,Nyck,0
2023,859,Lawson,Liam,0
2023,807,Hülkenberg,Nico,-1
2023,822,Bottas,Valtteri,-1
2023,825,Magnussen,Kevin,-1
2023,839,Ocon,Esteban,-1
2023,840,Stroll,Lance,-1
2023,848,Albon,Alexander,-1
2023,857,Piastri,Oscar,-1
2023,858,Sargeant,Logan,-1
2023,844,Leclerc,Charles,-2
2023,852,Tsunoda,Yuki,-2
2023,855,Zhou,Guanyu,-2
2023,847,Russell,George,-3
2024,807,Hülkenberg,Nico,0
2024,815,Pérez,Sergio,0
2024,817,Ricciardo,Daniel,0
2024,822,Bottas,Valtteri,0
2024,825,Magnussen,Kevin,0
2024,832,Sainz,Carlos,0
2024,839,Ocon,Esteban,0
2024,840,Stroll,Lance,0
2024,846,Norris,Lando,0
2024,848,Albon,Alexander,0
2024,857,Piastri,Oscar,0
2024,858,Sargeant,Logan,0
2024,860,Bearman,Oliver,0
2024,862,Doohan,Jack,0
2024,1,Hamilton,Lewis,-1
2024,4,Alonso,Fernando,-1
2024,830,Verstappen,Max,-1
2024,844,Leclerc,Charles,-1
2024,847,Russell,George,-1
2024,852,Tsunoda,Yuki,-1
2024,855,Zhou,Guanyu,-1
2024,859,Lawson,Liam,-1
2024,861,Colapinto,Franco,-1
2024,842,Gasly,Pierre,-4
